listing_id,tiene_cochera,m2,banos,ingreso_zona,estado,tipo_vivienda,barrio,codigo_postal,mes_venta,anio_alta,precio,precio_solo_cochera,precio_solo_m2_banos,precio_solo_ingreso,precio_solo_estado,precio_solo_tipo,precio_solo_barrio,precio_solo_cp,precio_solo_mes,precio_solo_antiguedad,precio_solo_id
271195,False,102,2,113736,muy bueno,departamento,barrio_27,1017,7,1981,352432,60254,269627,156050,100904,61126,67256,59781,54313,44923,58585
916831,False,35,1,17201,excelente,duplex,barrio_15,1022,7,1950,278612,58023,131207,143861,181435,75615,42023,59709,59926,35658,61628
951972,False,162,1,31383,muy bueno,casa,barrio_45,1018,8,1971,482470,61917,358569,144886,98738,75284,66539,64971,53390,41491,59109
199237,False,45,1,59884,muy bueno,duplex,barrio_58,1012,10,1979,228560,65380,151687,149646,112251,78230,30871,49000,55028,48004,63294
538038,True,110,3,18842,muy bueno,casa,barrio_15,1012,7,2019,413319,77061,285589,142391,98138,74550,40200,50162,53295,58611,60242
911684,True,109,2,129803,excelente,casa,barrio_46,1036,11,2008,537801,85646,278133,155391,177144,86611,78774,51062,44680,56125,56253
434757,False,105,2,38584,bueno,PH,barrio_15,1027,4,1960,319547,62273,271727,142361,73013,46840,33614,62285,66088,41547,61182
193715,False,78,2,52506,bueno,duplex,barrio_43,1003,10,1950,340161,57099,217031,154127,79147,66525,64419,58570,44948,38519,61998
906654,True,124,1,29317,bueno,PH,barrio_47,1038,5,1987,394973,68102,295289,141390,68391,51587,62663,68380,68857,53779,73301
361650,True,40,2,61511,bueno,casa,barrio_26,1028,8,1987,291316,74596,155415,150476,72278,81458,77414,64834,44872,47358,57509
897130,True,93,2,128417,bueno,casa,barrio_44,1002,6,2002,354103,75135,258382,152510,74123,80811,60175,55499,53738,51995,59063
443758,True,75,3,32695,muy bueno,departamento,barrio_16,1029,11,1968,366700,74785,226803,143681,99989,66034,70143,67432,55816,41307,59859
877856,True,71,1,144896,regular,departamento,barrio_04,1023,4,2007,265331,79269,198076,150053,57765,68598,6918,55409,67561,52641,61299
645714,True,110,3,22264,excelente,duplex,barrio_05,1036,7,1979,451500,77990,296247,141057,179784,62075,29606,44584,54847,51123,60279
972918,True,133,1,66922,bueno,departamento,barrio_26,1019,2,1973,419157,81808,308644,146356,78901,59268,74827,60254,67873,45967,65930
472794,False,83,2,53707,regular,casa,barrio_54,1020,8,1979,301879,68394,236746,143772,63717,79737,54019,60131,47568,46980,60011
441415,False,122,2,15446,regular,duplex,barrio_07,1012,1,2017,379947,51926,304217,139709,63377,73461,51173,46315,66264,58252,66766
168174,False,97,3,43090,bueno,casa,barrio_27,1012,5,1977,359652,62796,268897,149705,78540,85191,73176,46453,70783,45769,58917
229561,False,64,2,36530,bueno,casa,barrio_42,1024,1,1989,304956,58058,200484,144437,79160,77828,34670,38214,63393,51899,56835
817153,True,86,1,18351,regular,departamento,barrio_12,1033,4,2013,377335,76242,227141,138561,60174,63821,65849,60009,69364,59147,52827
461670,True,85,2,48359,bueno,departamento,barrio_43,1035,6,1951,297471,76627,235619,145303,70635,58509,61853,42803,56648,43443,62825
431631,False,71,2,40824,bueno,PH,barrio_18,1030,4,1988,351756,63764,215958,143424,76062,52828,90134,73404,66268,46093,62963
630045,False,110,2,34267,bueno,duplex,barrio_48,1024,5,2000,392761,59054,274226,142674,67280,69992,77602,45245,64128,50404,70737
564903,False,103,1,34377,bueno,duplex,barrio_34,1020,2,2014,431808,63977,251868,138281,74476,71213,75399,66710,64791,60304,63816
992889,False,39,1,33792,bueno,departamento,barrio_32,1013,9,1954,221287,58363,139852,141753,77550,59493,49309,70270,51116,39110,67525
834758,False,37,2,27061,bueno,duplex,barrio_10,1030,10,2001,274124,63260,150188,134310,70707,69497,78627,69858,51103,55091,60739
669735,False,110,1,40614,regular,PH,barrio_27,1012,6,2006,345497,63571,261146,148498,57512,47548,71614,44878,63432,61205,54262
109426,False,66,2,21696,regular,casa,barrio_51,1010,1,1974,303075,56099,204163,137353,65873,82143,74394,48201,66351,47885,52153
441764,False,106,1,304202,bueno,duplex,barrio_01,1034,1,2002,330678,67786,270266,159026,74338,74645,35879,46040,65141,49784,54500
681168,True,122,3,11761,muy bueno,casa,barrio_45,1023,9,1985,437715,73089,322249,129305,102547,76749,59243,51046,47717,49904,65273
866665,True,51,1,22748,excelente,PH,barrio_29,1014,12,1996,360229,75972,164044,147102,178415,52942,70286,59439,64814,55178,61803
394639,True,46,2,24231,excelente,duplex,barrio_43,1034,11,1977,355484,77005,169837,139532,184477,73274,62212,41602,59801,55447,56417
748466,True,154,3,185794,bueno,casa,barrio_39,1038,5,1962,521679,72746,376319,155086,78337,76211,76619,69029,60414,42057,62992
516923,False,107,2,12631,bueno,departamento,barrio_25,1012,6,2008,329313,62745,284026,133163,77114,54258,53223,52134,63112,55639,57846
459437,True,80,1,51059,bueno,departamento,barrio_18,1020,2,1965,331352,79012,220490,145434,74769,61028,81906,68890,65726,43938,56670
548986,True,62,1,44299,muy bueno,duplex,barrio_37,1019,1,1963,302006,83333,178168,148481,103316,68649,40719,67108,68711,38655,55826
420552,False,77,2,47424,muy bueno,casa,barrio_08,1028,10,2012,364049,60582,222758,142478,102074,78012,60730,63501,50678,51935,52719
362249,True,53,1,97643,muy bueno,PH,barrio_35,1038,6,2016,333922,78130,160876,153271,96591,55484,89917,67482,63456,55185,62630
900251,False,126,3,96054,excelente,departamento,barrio_05,1021,6,1993,484381,59315,324837,153899,179019,60684,25117,49144,56051,50804,62078
738013,True,68,3,25317,bueno,casa,barrio_38,1031,5,1991,342398,70243,217775,142518,71206,83723,32322,60040,55581,57099,59836
193762,True,133,3,42413,muy bueno,PH,barrio_37,1023,4,1975,449696,77550,335179,147188,108622,53285,33039,65052,73447,46241,62622
480166,True,81,3,8174,muy bueno,duplex,barrio_05,1035,12,1993,338041,74548,249592,131405,105133,73532,25865,49286,56308,42853,61216
863005,True,58,2,39312,bueno,PH,barrio_45,1016,10,1993,268371,73434,191612,145976,78057,49163,65332,53169,54022,43923,50363
190430,True,80,1,19241,excelente,casa,barrio_24,1015,9,1986,425464,71782,217318,140106,185978,83310,49850,61937,50466,55297,65545
217541,True,25,2,31285,regular,casa,barrio_47,1016,5,1996,227193,82296,127592,139188,61557,76203,76027,53458,62233,52034,57297
643954,True,91,1,9430,excelente,departamento,barrio_02,1039,9,1989,449224,75153,235648,135538,182453,62701,71221,45607,52776,55835,62563
711519,True,89,3,50206,muy bueno,PH,barrio_10,1024,5,2012,412644,79180,245808,145437,103917,44822,70691,47531,65644,60663,64766
210226,False,124,2,9346,regular,PH,barrio_29,1006,7,1997,378312,61694,303151,131013,61784,52980,69503,59282,58838,39228,59235
581295,True,29,2,40889,muy bueno,casa,barrio_11,1001,2,1977,314276,70607,141498,144432,103721,78391,72065,45963,63797,45118,57751
258581,True,136,3,13613,regular,PH,barrio_19,1020,9,1996,405078,77880,340927,140506,57901,52740,59095,64482,51546,44995,66033
125448,True,124,2,18403,muy bueno,departamento,barrio_39,1032,1,1966,455406,71367,306981,137380,107643,64491,75867,52436,63818,39831,60089
980934,False,139,2,91472,muy bueno,PH,barrio_08,1019,9,1965,425200,56947,338420,150575,109322,49566,60139,57111,54768,49185,62837
562905,False,93,1,58124,muy bueno,duplex,barrio_40,1022,8,2008,378753,62740,236939,146082,102342,65664,73898,59074,53305,52832,62723
590201,False,130,1,91068,excelente,PH,barrio_06,1031,1,1991,498652,68777,301862,153199,179829,53139,57007,66792,66807,55361,56980
428424,False,44,1,126473,regular,casa,barrio_10,1020,7,1953,286964,54997,148462,157470,55470,75803,81586,67980,61098,42861,63831
112384,True,120,2,19570,bueno,duplex,barrio_35,1036,3,1975,448498,78860,308885,134392,77410,78870,99053,43111,66847,50450,54037
329297,False,68,3,120473,bueno,casa,barrio_47,1025,6,2019,358773,59172,211113,147500,76043,78921,66365,61332,58118,58352,59392
726730,True,37,1,11244,regular,duplex,barrio_10,1029,1,1995,297154,73254,133468,135068,58434,72208,84749,65571,61911,51006,61494
249517,False,56,2,65965,bueno,casa,barrio_17,1031,9,2011,252896,65822,182120,150580,77377,81028,41538,60852,53072,62949,51530
597573,True,95,1,24473,bueno,PH,barrio_55,1025,7,1988,341118,77966,244641,138053,69226,52816,40217,68204,57773,48073,66531
317544,True,66,1,17253,bueno,casa,barrio_59,1002,5,1953,326206,78676,190300,136408,78582,83929,81612,56573,60861,35207,63811
502132,False,108,1,59372,bueno,casa,barrio_34,1017,11,1962,407108,54722,267671,139901,82272,75744,77247,63801,56054,44374,56522
137027,False,32,2,77340,excelente,PH,barrio_26,1005,8,1956,332242,56032,146323,158680,186597,56609,79603,61256,46899,37700,61315
230462,False,25,2,75525,bueno,PH,barrio_20,1020,8,2002,235927,66697,131413,150312,78181,51722,56855,67104,46191,48072,54694
130941,True,143,2,43126,excelente,casa,barrio_36,1005,2,2003,633135,75054,335823,143354,178271,85288,46010,71076,68126,51471,59143
498444,True,127,2,40359,bueno,duplex,barrio_35,1020,7,1982,480897,74238,317973,142370,71120,66290,84772,69703,55940,43835,56606
984263,True,58,2,55353,bueno,departamento,barrio_17,1013,9,2001,278788,66407,181437,151368,73170,57985,36331,64481,44458,49553,57456
123712,True,95,1,46305,bueno,departamento,barrio_01,1000,12,1989,317204,68729,236345,137578,76846,72285,32440,36082,61901,49297,58352
761012,True,131,3,55999,bueno,departamento,barrio_09,1004,8,2002,429437,71553,327018,140878,73860,62363,34180,68779,55225,53837,49622
793643,True,110,2,42753,bueno,departamento,barrio_57,1020,3,1997,466415,68247,278711,149042,71895,58838,106231,60806,75991,49747,56470
465326,False,100,1,71270,bueno,casa,barrio_25,1003,9,1982,350673,51693,258961,153839,67911,80761,46004,65198,53318,53089,61231
338099,True,133,2,9880,bueno,departamento,barrio_28,1034,1,1996,435968,77970,323756,131269,77271,64429,63435,42501,65435,50221,65876
913956,False,69,2,32695,bueno,casa,barrio_28,1030,4,1972,340187,56683,212023,143527,73066,83371,76159,68054,67133,37454,60234
461441,False,96,3,12003,muy bueno,casa,barrio_46,1028,12,2003,452179,62328,265642,132627,108647,84625,84122,65135,59389,52091,58223
273626,False,94,1,45314,bueno,departamento,barrio_03,1006,10,2014,318090,57365,236857,142408,76088,52837,80573,52300,60356,61822,60267
680005,True,85,3,135069,muy bueno,PH,barrio_04,1031,11,1964,337494,73849,247258,156124,100960,52217,9954,57799,52778,47597,66037
271249,True,81,2,24853,bueno,duplex,barrio_16,1025,5,1997,358527,71879,232635,138875,82644,71578,69737,61688,64540,55948,54559
844964,True,98,1,40207,excelente,departamento,barrio_29,1015,9,1957,468634,75588,250019,151692,175617,54884,74383,73447,47754,45552,66773
264980,False,96,2,66515,muy bueno,departamento,barrio_40,1000,9,1976,383632,64036,259015,149487,100675,59486,81828,36510,55112,53319,59320
569931,True,58,3,6945,excelente,duplex,barrio_29,1021,3,1997,416945,78737,194513,129849,185355,69374,72700,53373,68457,62705,62660
406920,True,123,1,23916,muy bueno,PH,barrio_26,1031,12,1969,438296,73930,300655,146094,104309,48335,73112,63472,65710,48748,60586
665102,False,61,3,48611,regular,duplex,barrio_56,1001,12,1966,266475,64108,199878,149541,59571,70693,50330,52725,54673,40826,52923
112796,False,87,3,3577,bueno,duplex,barrio_09,1002,2,1977,312107,64896,264640,123776,70058,65413,39962,64084,64974,45795,57220
410517,False,85,3,16623,bueno,duplex,barrio_34,1015,10,1958,368289,58530,252085,136189,73000,67497,75348,62683,48664,35021,60902
459698,True,108,1,87613,muy bueno,duplex,barrio_32,1020,6,1994,448822,78441,271043,148436,101791,74137,48630,63388,57594,48405,70251
735484,False,25,2,81016,muy bueno,departamento,barrio_28,1018,9,1959,235421,59431,134575,149325,97938,61471,68762,72603,51033,45937,55432
891377,True,126,2,48994,bueno,departamento,barrio_48,1017,7,1973,431034,76667,306456,143244,62949,60265,78642,69173,60301,47387,59464
886609,True,71,2,73553,excelente,departamento,barrio_16,1010,3,1972,419119,78264,213015,148257,183170,53628,67876,35461,70121,49930,63515
426159,False,138,3,43135,regular,casa,barrio_57,1002,2,2018,513381,59452,346964,144513,62012,77116,91172,59191,69766,61701,63390
843398,False,78,1,56631,muy bueno,PH,barrio_19,1001,7,2020,323853,63023,220742,153247,111189,59202,63716,51309,58178,57818,59635
356529,True,93,2,28211,muy bueno,PH,barrio_32,1003,11,1955,343553,73848,248790,131816,105343,51273,55633,62792,53280,28721,64284
202140,True,162,3,39841,regular,duplex,barrio_31,1027,10,1961,470820,73687,393835,138712,55830,68414,47170,61292,51497,38890,66270
499401,True,85,3,21897,muy bueno,casa,barrio_50,1031,4,2001,427524,75234,250174,144025,100217,85996,67820,57185,68041,58420,58416
749637,False,138,2,99786,muy bueno,departamento,barrio_26,1017,11,1971,460764,59280,336975,151828,105679,63167,68546,61490,58059,49720,61832
978875,False,96,3,122669,regular,casa,barrio_17,1003,5,1995,344579,59074,268764,153446,59788,77807,39902,58690,69390,53225,65304
485280,True,110,2,109527,bueno,duplex,barrio_01,1016,7,2015,375880,69041,284317,151378,68467,70157,36382,58835,58755,55977,65485
837691,True,97,2,26200,bueno,departamento,barrio_21,1039,4,1961,388435,69927,263805,141074,75465,59298,40704,49005,71178,37012,56356
116916,False,125,2,16932,muy bueno,casa,barrio_49,1009,7,2018,435076,61437,315937,144570,103250,73118,60707,56328,67702,55822,58874
945153,False,71,1,100869,regular,PH,barrio_00,1019,7,1953,264552,59710,199654,143783,62434,49277,74927,51077,52464,37335,58859
395077,True,61,1,56113,excelente,duplex,barrio_53,1021,9,1966,356783,75018,184443,147288,175651,67682,48507,53926,53840,41295,50029
146760,False,73,3,47234,excelente,duplex,barrio_32,1013,6,1986,436635,62142,226067,144688,181679,66569,43279,60919,53353,49878,66341
946563,False,98,1,21875,bueno,casa,barrio_08,1017,7,2012,327195,54753,251569,139288,68153,80466,60215,58384,52243,54849,56416
609171,True,87,2,51048,bueno,departamento,barrio_18,1018,8,1989,378487,73032,233642,148038,72234,55240,77431,69695,44944,41477,64163
775359,False,120,2,15242,muy bueno,casa,barrio_33,1018,6,1959,412424,57818,295881,133772,108121,77232,46886,70800,62341,43111,62414
498127,False,141,2,60310,muy bueno,departamento,barrio_18,1028,7,1967,450631,58635,340109,147819,104901,58870,77919,66429,60113,45608,55732
112213,True,61,2,109438,bueno,PH,barrio_06,1023,2,2004,341560,79029,192563,160982,75036,54162,61775,61267,63656,57344,61709
540367,False,69,3,133898,bueno,departamento,barrio_39,1002,11,1989,342602,61693,212283,158839,78684,61138,73142,60684,56370,55096,59003
997246,False,45,3,64012,regular,casa,barrio_40,1000,2,1950,257610,55012,176602,148625,60872,73100,77102,40306,72934,42571,62973
368850,True,166,3,12021,excelente,PH,barrio_07,1016,11,1985,570163,76337,387868,124410,179609,53399,54390,54359,57739,46431,58464
778702,True,106,2,42526,bueno,casa,barrio_16,1036,10,1978,367603,76357,276596,145802,75967,81460,69769,48563,52727,46270,70553
160431,False,112,3,201138,excelente,casa,barrio_14,1001,12,1950,504564,64273,296209,150228,182183,82012,67171,48135,65275,42470,59218
952820,True,48,2,18126,bueno,casa,barrio_39,1002,1,1967,292378,71304,164159,146511,74382,79705,76087,60347,64627,44326,59220
699001,True,95,2,34636,excelente,casa,barrio_43,1027,3,2016,521540,76444,255953,141978,180450,79564,69733,56287,69999,56306,64492
444289,True,113,3,112512,regular,departamento,barrio_43,1018,1,1999,431303,69848,296992,148761,57036,61885,65335,70382,71301,52696,59632
274828,False,86,3,59499,regular,duplex,barrio_56,1009,6,1955,328828,53386,251246,143543,58126,79407,53371,57546,62470,43628,50429
642890,False,133,1,264111,excelente,duplex,barrio_46,1008,11,1951,551303,62568,311971,157894,179359,65731,86995,61448,54440,40550,57408
159396,False,176,3,20205,excelente,casa,barrio_19,1026,10,1974,599168,67138,413841,137774,180600,76593,58464,58486,50104,45547,60785
731319,False,62,3,16452,bueno,casa,barrio_06,1020,9,1983,301377,60801,203706,132223,76801,84157,66043,72307,50863,47966,52108
380218,True,59,3,96693,bueno,departamento,barrio_36,1025,11,1982,324750,76471,203038,159032,73002,59113,61173,61074,57315,55528,61220
130715,True,64,3,13951,bueno,PH,barrio_54,1011,1,1999,275250,76011,212808,131983,79844,49673,49894,50908,69169,52866,60765
257425,False,151,3,31026,bueno,PH,barrio_58,1021,10,1962,428501,59348,367721,134209,75320,55693,40369,51993,57931,35583,56216
782494,True,131,1,34458,bueno,duplex,barrio_13,1034,4,1953,431949,76479,302946,147060,79544,76905,85657,40539,63445,41202,63700
466271,False,90,1,83182,excelente,departamento,barrio_14,1012,9,1997,413161,57135,236562,143291,177073,58053,70257,51526,49063,53377,65498
788717,True,96,1,59362,bueno,casa,barrio_02,1015,10,2013,386502,75327,249247,148316,80141,85928,71043,67185,57860,56893,61160
101524,True,66,1,52347,muy bueno,casa,barrio_08,1006,9,1961,292072,73135,193954,142540,103964,81552,59381,52222,48842,39590,58851
128794,False,126,1,26319,regular,casa,barrio_33,1025,6,1975,356447,56952,298649,139274,63131,79711,42910,67790,61347,45851,64552
190622,True,82,2,95990,regular,casa,barrio_32,1001,8,1994,351657,72465,226046,148971,57700,84154,41673,54574,54322,48829,64095
549809,True,86,1,909508,muy bueno,duplex,barrio_22,1009,6,1961,418757,79058,223391,167398,104735,69494,90568,52213,62924,41952,62420
761011,True,116,1,63135,bueno,departamento,barrio_18,1028,8,2011,380516,69364,281493,151736,79129,59859,81275,62508,51726,54995,58447
428988,True,88,2,39330,muy bueno,duplex,barrio_49,1000,6,1966,360809,74363,251369,146537,100484,68233,61518,43550,60166,35475,56448
767273,True,87,3,12858,regular,PH,barrio_27,1039,5,1987,307059,70998,250103,137317,62629,51808,67787,46839,66680,37557,65491
665911,False,95,1,21808,excelente,PH,barrio_48,1016,3,1974,443512,59109,248442,136710,181941,50557,81865,55592,69114,51685,51491
227191,True,123,2,30608,muy bueno,departamento,barrio_57,1015,5,1997,525484,77349,307946,148335,110868,51843,96233,67344,66232,48059,61423
255487,False,153,2,23678,excelente,duplex,barrio_19,1021,9,1964,527785,55620,359236,143997,183413,66659,63772,54845,56316,46020,59395
208565,False,115,3,35851,regular,casa,barrio_12,1025,11,1956,374071,58313,304171,138153,57241,74325,62543,65349,56865,40629,63036
802267,True,123,1,150605,bueno,casa,barrio_57,1018,2,1986,494661,76778,292998,146442,75008,72888,91475,69358,71618,44653,55101
970767,True,88,3,98492,bueno,departamento,barrio_38,1035,3,2011,339643,82291,255230,150905,79519,58529,36447,47350,69401,52216,65467
437236,False,70,1,31982,bueno,departamento,barrio_17,1038,7,1994,262053,59795,196166,141846,69738,60833,38434,60415,60294,51397,54284
134579,False,118,1,13813,bueno,PH,barrio_37,1008,9,2003,315566,65490,286320,137422,74816,51782,46979,74186,43720,52741,56293
627046,False,101,1,105862,regular,PH,barrio_30,1028,3,1980,415073,61088,257571,152068,63612,53755,105909,63747,74022,48255,68514
180175,True,45,3,34918,bueno,PH,barrio_54,1012,4,1959,252141,72309,170752,146347,71540,56482,53261,50284,64323,45334,63771
968522,False,84,1,9125,bueno,departamento,barrio_15,1039,1,1980,261706,73444,223972,134314,90144,65767,36632,54061,65661,47316,55397
887838,False,92,3,64212,bueno,departamento,barrio_59,1010,1,2020,399276,65046,261732,143337,77749,61673,82288,46135,66432,59470,60349
773852,False,77,3,82500,bueno,duplex,barrio_56,1011,2,2005,337920,57387,240118,146244,75483,70113,51494,47967,71476,56726,57664
616181,True,147,3,5215,bueno,casa,barrio_10,1028,9,1999,495922,69132,362428,126428,72857,72488,77512,66563,52928,55275,60489
119179,False,112,1,18776,muy bueno,PH,barrio_09,1031,11,1971,390689,64498,278989,143264,104845,48912,35116,57744,54675,48516,67705
437947,True,143,1,33244,bueno,PH,barrio_31,1005,6,1992,428341,75288,327037,147714,76441,56540,51794,68050,60595,47021,49138
572283,False,104,1,65356,bueno,duplex,barrio_02,1022,3,1994,400388,52256,260416,148024,71342,76930,81988,54440,66878,55821,58375
487064,True,98,3,24038,bueno,PH,barrio_17,1013,12,1996,367949,72187,270203,137435,68203,52274,38667,59603,56996,48853,62384
304138,False,62,1,18663,muy bueno,departamento,barrio_26,1024,4,2013,295984,58731,180907,138101,105525,66473,73025,42712,59962,54277,58667
989949,True,95,2,64974,bueno,departamento,barrio_58,1022,2,1998,347013,73423,257861,149683,78590,59395,39309,56345,76272,52572,58879
719598,False,95,2,24968,muy bueno,departamento,barrio_59,1039,2,1965,367460,62575,253156,147111,106901,66880,81857,50521,67461,40219,64124
715715,True,47,3,56030,excelente,departamento,barrio_09,1037,5,1965,330116,75329,180053,152911,185262,54791,39173,52894,74748,41333,60737
246399,True,76,2,14925,bueno,casa,barrio_53,1026,9,1994,294890,75156,219270,142306,75211,80239,55314,55698,53579,45757,57715
938138,False,84,2,12310,excelente,PH,barrio_05,1027,5,2011,363348,62288,234706,136022,178890,49772,28541,60486,55806,54156,64910
865769,False,109,3,66451,muy bueno,casa,barrio_44,1035,6,2017,421914,60803,289312,149006,103742,83478,57751,44552,65987,57620,56305
879501,True,111,3,44445,regular,PH,barrio_50,1007,5,1993,392209,75283,293209,151551,59072,55964,68439,46335,65913,49499,60796
440708,False,75,2,75960,bueno,duplex,barrio_53,1029,12,1987,319946,57437,215547,145610,68568,69689,52453,63760,64027,51863,68443
549383,True,111,2,23716,muy bueno,duplex,barrio_13,1030,9,2007,476512,72351,278125,142236,108160,71553,86443,73795,57428,54642,60308
374338,False,89,2,19224,excelente,casa,barrio_53,1005,8,2019,476148,57249,248115,139979,183201,75026,50635,66128,59418,44999,62516
172429,False,25,3,107858,bueno,duplex,barrio_06,1035,6,1951,208724,61953,142994,154677,77027,72776,58921,38011,66307,37672,53098
477913,False,78,2,10739,regular,casa,barrio_31,1027,7,1972,284574,60722,223226,134610,60900,79152,52296,65876,60338,39098,55549
397366,False,133,2,98831,muy bueno,departamento,barrio_28,1013,11,1973,429192,58358,326183,151314,108772,64272,73295,66266,57698,44016,61857
260643,True,36,3,104444,regular,casa,barrio_18,1019,8,1990,261058,77573,164050,155916,69113,82591,80993,57925,49481,45528,61472
659032,True,99,3,72263,muy bueno,casa,barrio_01,1019,10,1970,385198,76511,268835,156633,103477,83100,35013,60445,52310,49520,62208
380975,False,150,2,20947,bueno,casa,barrio_46,1036,1,1972,446612,65503,356174,132251,74423,85095,85363,43909,63786,45974,57776
968699,True,68,1,18897,muy bueno,casa,barrio_20,1038,11,1951,338906,73234,197074,139457,108868,79220,55320,73904,55102,42375,63150
823243,True,95,1,30698,excelente,duplex,barrio_39,1032,12,1950,454567,78692,241161,142268,175078,76254,80373,52389,58225,45503,60017
259459,False,49,2,12887,muy bueno,casa,barrio_24,1026,9,1981,293192,64369,170606,132878,104367,79892,44522,55041,50545,56859,54983
549330,True,152,3,16825,muy bueno,departamento,barrio_22,1004,12,2020,534292,76886,369301,135992,102464,57798,89409,72048,59089,57579,68576
950513,True,92,3,60827,muy bueno,PH,barrio_53,1036,7,1970,399892,66640,261103,142941,96207,59203,51273,44981,57258,46362,65257
611889,False,97,3,61052,muy bueno,duplex,barrio_05,1005,4,1967,386380,62320,262668,144838,105777,74525,23987,67932,69018,40871,56003
136408,True,142,1,15683,excelente,duplex,barrio_44,1006,8,1968,557588,86195,326779,139779,183534,75063,62053,60450,54098,43041,65443
917218,True,118,2,62374,regular,casa,barrio_44,1002,8,2019,415826,76632,296241,154517,57468,75395,61933,65102,55521,55852,58196
311831,True,64,3,52232,muy bueno,duplex,barrio_22,1037,2,1997,392723,71403,209474,142120,111702,77775,93718,50209,75227,55986,56159
131982,True,72,3,121529,bueno,PH,barrio_15,1019,3,1996,313804,76591,226056,151323,70144,56653,40174,57400,64360,55489,62141
108961,False,112,1,57257,excelente,casa,barrio_00,1009,4,1963,482065,52975,275300,152041,179494,75438,68065,51960,71664,40762,63520
743244,False,73,3,84699,muy bueno,departamento,barrio_56,1003,7,2014,358268,55470,229457,150942,98463,63699,53906,62619,54111,56428,58342
433868,False,25,1,53192,bueno,duplex,barrio_56,1016,2,1963,222084,62416,109209,146615,70150,74110,49436,56757,68456,44548,57903
290054,True,93,1,79534,bueno,departamento,barrio_14,1028,10,2018,388536,78611,240243,149803,78047,59993,68853,73313,57168,55730,52702
108669,True,43,3,12969,bueno,casa,barrio_01,1039,2,2017,257082,84896,173661,135270,73775,79663,34693,52329,64095,59851,61229
839215,True,152,3,32945,muy bueno,duplex,barrio_07,1022,12,1990,479934,75790,375112,133652,107379,71501,50013,52746,65319,45811,60180
879590,False,101,3,35200,bueno,duplex,barrio_04,1024,9,2011,309857,62312,277436,144223,74183,70027,5429,47723,45915,52667,63510
208481,False,63,2,29882,regular,duplex,barrio_49,1033,5,2020,312170,55143,202294,141811,57192,66740,57124,57239,63496,61317,65300
263481,True,71,2,51798,excelente,duplex,barrio_53,1036,5,1991,400193,80955,216021,149380,172324,65716,51693,41499,59817,53426,59515
268311,False,29,2,60325,muy bueno,duplex,barrio_09,1011,9,2004,229834,56908,139862,150236,105971,78061,43770,42357,48926,54727,50166
192345,False,57,2,49702,bueno,departamento,barrio_44,1039,2,1991,270625,55134,190276,142638,74701,54670,57551,56327,63524,47557,60292
378589,True,131,2,31522,bueno,casa,barrio_10,1020,9,1987,485211,79372,315448,144249,82375,79355,81082,70952,53678,48374,68649
662765,False,173,1,20159,excelente,PH,barrio_22,1037,7,1973,573233,56198,393475,144024,176774,51787,95136,47083,51420,37280,61568
658325,False,120,3,87356,muy bueno,casa,barrio_35,1004,3,1996,456706,64460,312199,148980,103321,81094,89860,64801,74632,51496,59949
167674,True,92,2,48040,muy bueno,departamento,barrio_43,1003,11,1968,371765,81905,244976,138113,104242,62166,70592,68798,48002,41480,58843
764890,True,80,2,16076,bueno,PH,barrio_52,1035,8,1963,262149,72158,233312,137953,76181,54479,20962,51590,48464,38335,56909
771836,False,62,3,31103,bueno,duplex,barrio_02,1026,2,1969,320506,60655,211848,148263,73800,67828,79718,55203,67579,41716,62149
475300,False,167,2,9003,regular,departamento,barrio_11,1007,8,1950,449209,59978,386669,135620,62037,54363,82632,48700,53633,35637,58420
599956,False,88,2,37358,muy bueno,departamento,barrio_16,1035,5,2016,326301,61396,241398,140659,104133,61526,69690,46502,66171,52839,65225
125354,False,169,1,30986,regular,PH,barrio_18,1004,10,1968,448046,55770,381899,136440,60512,51375,79540,66389,53291,41084,60021
796773,False,144,1,22935,regular,casa,barrio_59,1027,6,2006,469512,55066,322231,145042,52453,79850,80314,62051,69064,53397,55842
965920,True,34,2,129015,muy bueno,PH,barrio_46,1008,12,1980,285364,72178,143892,156543,104690,56131,84036,70768,61935,48349,57552
817808,True,72,2,14401,excelente,PH,barrio_19,1002,12,1974,389937,77719,215400,139826,182439,46779,64124,56352,61916,39432,63968
762838,True,72,3,63903,muy bueno,PH,barrio_58,1032,1,1966,306452,72158,231616,147561,110128,56729,34513,56721,61254,45001,62075
843930,False,92,3,208849,bueno,departamento,barrio_29,1033,5,2008,367465,60622,264140,151226,70180,58899,65869,67099,64773,53318,57517
672106,False,93,3,85975,bueno,duplex,barrio_30,1004,3,1986,462310,61546,264469,147778,71351,69663,111709,71155,66725,48130,55508
414145,False,200,2,35411,bueno,departamento,barrio_26,1003,6,1981,558727,61236,446087,141589,74367,57092,75313,59193,64878,48734,57979
976980,True,57,1,14658,bueno,PH,barrio_08,1024,2,1996,245016,70230,181581,141431,75711,54717,57972,48820,68434,48065,55676
179698,True,103,3,12214,bueno,departamento,barrio_56,1001,7,2006,329796,77200,282491,135481,77192,61671,52107,48588,56118,52159,65795
105609,False,117,3,26128,bueno,casa,barrio_00,1029,2,1996,435355,57746,302628,145134,68281,82238,69446,64090,71055,50272,52561
858392,True,95,2,20961,muy bueno,PH,barrio_10,1036,8,1983,405657,74090,252560,133262,102393,52059,81338,42315,51898,46645,59425
723005,True,99,3,20422,excelente,casa,barrio_13,1030,6,2013,537819,70343,274206,132257,184587,75050,86475,75254,55711,60934,65519
308483,False,58,3,27972,excelente,duplex,barrio_16,1009,12,2013,427932,63925,191987,140044,179818,70773,65403,59448,63076,57544,60133
115354,False,99,2,33463,regular,PH,barrio_07,1007,11,2018,347171,61114,260199,139864,58058,50156,51461,52972,52884,55685,61435
493936,False,113,1,53539,bueno,departamento,barrio_01,1027,8,1956,338551,58616,270675,147836,77097,59749,31954,59309,52334,36352,63562
303861,True,106,1,13491,bueno,departamento,barrio_40,1002,6,2013,376220,74215,261988,137583,75107,65703,77477,60845,67253,54390,63784
904132,True,115,3,21041,bueno,PH,barrio_58,1021,9,1963,375469,69945,301312,145202,73309,53404,44726,56609,53280,35160,47649
751196,True,144,2,31961,bueno,departamento,barrio_07,1017,9,1994,454126,65959,347122,136958,71173,60721,52352,62406,45019,52156,58434
670218,True,128,1,31058,bueno,departamento,barrio_17,1029,2,1996,386952,75781,300179,147335,75293,58386,34934,70809,75738,52481,63994
813446,True,97,1,157809,muy bueno,departamento,barrio_30,1008,5,1964,471681,70379,247629,150771,106301,60377,117701,61833,57118,43288,57880
547082,True,54,3,43730,bueno,departamento,barrio_55,1030,12,1950,260811,80289,194072,149820,73858,65715,40172,64644,57949,39643,60561
881392,False,74,1,9988,excelente,duplex,barrio_41,1027,4,2016,436678,70542,196099,132210,177645,68145,70722,61946,64362,57795,52985
345326,True,87,1,50744,regular,casa,barrio_45,1009,1,2013,368348,79476,234030,144250,60452,77484,63277,54776,65070,59587,59100
949401,True,104,2,56192,regular,duplex,barrio_34,1014,11,1962,370733,69534,268487,151606,62099,71772,81024,60011,62587,46449,65264
581758,True,78,2,32856,bueno,departamento,barrio_25,1002,12,1992,312032,77002,223919,145396,78660,61860,48726,61531,61334,51903,60841
473099,False,62,3,13757,regular,PH,barrio_11,1017,8,1960,259961,59810,203211,145031,52779,51491,77447,59419,50470,40154,56782
426930,True,53,3,148219,bueno,casa,barrio_51,1010,8,1990,317822,72354,186646,154760,84585,79897,73876,37743,52910,52556,58019
450960,True,37,2,15430,excelente,departamento,barrio_48,1004,5,1972,376718,76816,149450,135204,180759,61189,79110,57445,61435,37317,65122
129874,True,87,1,61612,bueno,duplex,barrio_01,1022,5,2003,334488,78576,225885,146140,85627,72860,25418,53808,64581,49299,65016
985926,True,44,3,42618,bueno,departamento,barrio_42,1022,11,1990,267665,76796,179591,147511,71014,59732,44837,51037,52479,54057,59411
752444,False,60,2,58727,muy bueno,casa,barrio_05,1003,11,1985,317952,63646,192822,149425,107330,83413,27066,60150,58100,50644,65701
374449,True,81,3,142271,bueno,PH,barrio_44,1007,6,1998,391108,70610,246821,154342,72469,49142,63977,46641,63579,52761,61782
740814,True,48,2,56915,muy bueno,casa,barrio_49,1003,4,1983,325957,80198,164621,151671,108669,86452,65274,53321,64193,45604,62756
401176,False,108,1,23227,bueno,departamento,barrio_07,1027,3,1950,373347,59917,267140,141723,78238,57615,45356,57866,63626,40548,63467
782945,True,121,3,87974,muy bueno,departamento,barrio_26,1013,1,1992,482200,73953,317916,150571,110324,58793,68681,61478,67959,55519,62734
449047,False,76,1,21919,regular,PH,barrio_07,1002,6,2005,259830,65222,202900,137698,54386,51307,47262,63726,59560,59732,61925
585852,True,80,3,41392,bueno,PH,barrio_34,1007,7,1984,345958,72690,238349,146292,70531,54657,76588,58930,64044,47253,64236
308958,False,114,3,12907,muy bueno,PH,barrio_55,1039,9,1962,360476,59200,304368,137035,105871,52416,39120,52182,54753,39488,59349
426747,True,70,1,15889,excelente,duplex,barrio_04,1010,10,1950,315544,76683,198616,139272,185999,68418,1702,38310,46637,37375,63434
292702,True,68,3,37840,bueno,casa,barrio_23,1027,5,1971,352818,79006,220101,146556,71820,75606,60442,64206,66037,38290,59167
867413,True,137,1,48750,muy bueno,departamento,barrio_58,1018,3,2004,446056,78511,321458,146311,103986,64724,37643,60061,70855,51626,64336
123910,False,126,2,9303,regular,casa,barrio_18,1007,11,1972,403777,60055,314079,129696,57472,82396,77008,48700,51543,53001,57777
733127,True,116,2,54059,bueno,casa,barrio_07,1012,10,2017,402970,78171,294936,149604,70931,80076,54152,36302,57088,61187,62990
826466,False,127,2,18854,regular,casa,barrio_29,1000,7,1973,376124,60357,318717,134621,56903,86698,72750,38204,54572,48105,52644
930313,False,26,2,101088,muy bueno,PH,barrio_30,1029,1,1980,320031,58065,132833,150835,102321,50517,117920,68769,63411,43260,56163
897673,True,142,2,27404,bueno,duplex,barrio_39,1013,6,2003,469171,77269,342791,138255,68576,81198,83050,60120,63762,54250,61114
609865,True,109,2,14781,muy bueno,duplex,barrio_18,1019,8,1993,416531,75186,281850,139633,107823,67947,76885,55665,60761,51752,57052
619072,True,130,3,38586,regular,PH,barrio_57,1006,11,1952,421419,67632,327721,146354,62573,47378,95079,52713,62330,36374,60164
114929,False,109,1,17449,excelente,duplex,barrio_31,1032,7,1955,434778,54435,265566,143947,174197,78026,48231,62946,49002,37659,61400
208780,False,97,3,100223,muy bueno,casa,barrio_17,1008,6,1963,401258,59640,271513,148294,100147,78632,39721,76268,58601,38432,61325
146371,True,85,1,36331,regular,duplex,barrio_57,1022,5,2011,392642,69420,231391,148311,61054,71894,95147,58518,65189,55506,56840
790195,True,108,1,32166,regular,duplex,barrio_55,1034,5,1951,343540,64828,266001,150067,67178,68889,35954,38892,55918,39625,58370
975722,False,84,3,58305,regular,casa,barrio_29,1028,1,1955,331559,61717,246056,145415,62564,79286,76690,74348,61741,34312,55593
164550,True,125,1,16253,excelente,departamento,barrio_01,1024,2,2005,445759,69944,298037,141343,179476,62246,39850,53198,69116,55309,59817
342415,True,39,3,12948,bueno,duplex,barrio_35,1035,10,1994,320264,71147,159776,137678,66786,69100,88507,43003,52131,47572,61577
127931,True,76,1,50346,bueno,departamento,barrio_33,1007,5,2019,270301,80856,213328,148987,77356,59871,35470,54559,62446,55000,62900
995909,True,167,1,15067,bueno,duplex,barrio_08,1038,11,1965,462382,83059,369909,140438,76731,72388,52854,68857,59865,35804,54176
278484,False,73,3,15063,muy bueno,duplex,barrio_38,1022,5,1996,321223,57611,228455,137769,115341,71959,38591,52448,64550,54580,56661
362167,False,87,1,70927,bueno,departamento,barrio_50,1016,12,1959,320295,55792,226392,146529,75627,58248,65549,55343,66342,34185,61902
155215,True,64,3,55274,bueno,casa,barrio_06,1010,3,1991,306666,76295,209367,148454,75727,80442,67236,34630,58520,54543,64732
418204,True,107,2,13319,excelente,departamento,barrio_43,1029,3,1957,469079,76485,270790,128613,182375,61716,64022,71785,65033,33031,62904
722056,False,69,3,22130,bueno,casa,barrio_08,1039,8,2014,297956,57557,221889,148939,70818,84426,52887,49621,57398,48395,68085
546369,True,89,3,17624,muy bueno,departamento,barrio_44,1027,10,1979,362972,76101,257023,134819,108269,59296,57973,57779,52955,49781,57241
987218,True,125,1,150400,regular,PH,barrio_25,1001,2,1968,390390,71054,301587,154510,57620,54784,48094,51520,70617,43687,63553
629728,True,71,1,74967,bueno,departamento,barrio_00,1018,7,2019,342187,71703,203840,147766,74385,59726,69267,69084,52106,57541,56218
984534,False,123,2,25934,excelente,casa,barrio_57,1029,3,1954,544983,60440,312153,137658,178732,76628,94194,66390,70560,37536,60512
762582,False,124,3,57581,muy bueno,departamento,barrio_09,1015,9,2006,427952,62033,314035,153337,105104,56907,43243,60832,48360,44455,60373
359854,False,132,1,12272,muy bueno,PH,barrio_35,1030,7,1986,471082,59247,309209,139908,95948,51709,89129,68714,52764,45793,65696
864339,True,100,1,21203,bueno,casa,barrio_10,1028,8,1998,354928,72358,252151,145516,71871,80098,81731,65967,46552,51392,62434
324863,False,208,2,39493,bueno,casa,barrio_55,1002,4,1968,541128,55014,454740,141785,80029,79334,48644,59608,66607,49376,65710
625500,True,132,1,52145,bueno,duplex,barrio_44,1022,4,2012,415218,77352,313608,151470,74649,65517,61411,58869,63670,60344,57086
778184,False,106,1,33592,bueno,casa,barrio_48,1006,8,1982,331692,64341,265496,144416,76814,80523,79587,52906,59855,49610,58250
987471,True,64,1,44285,bueno,departamento,barrio_25,1019,5,1979,287687,83200,190877,144960,78670,65790,49111,59546,68721,51943,62474
639831,True,92,3,38664,bueno,casa,barrio_28,1015,9,1982,404477,67122,269402,144871,75564,78850,66468,65712,49156,44988,63541
680290,True,145,3,31861,bueno,casa,barrio_38,1032,2,1971,458162,74787,359540,141799,67486,81538,41987,53846,63091,40808,58182
643895,True,155,1,28655,bueno,departamento,barrio_47,1034,4,1972,435815,77042,346046,142214,78076,67772,72678,46698,61650,35072,63999
356275,True,147,2,25822,bueno,PH,barrio_50,1018,2,1959,444671,77164,347925,145298,76117,58965,71459,65661,65883,34953,59509
504974,False,122,2,43720,regular,casa,barrio_01,1021,2,1984,398517,60624,299750,140859,66564,88505,36460,43081,71595,48986,63369
481001,False,51,2,50446,excelente,casa,barrio_39,1025,4,1983,427000,59573,173078,143803,170377,81089,78067,68906,61076,46963,64685
758410,False,112,3,42561,muy bueno,casa,barrio_06,1026,6,1976,420657,60746,301456,141198,109171,75631,58290,58036,57480,45117,55416
775746,True,52,2,14145,regular,PH,barrio_17,1025,2,2019,251923,74597,175933,136538,59564,51666,29786,70674,73789,53044,57721
879548,True,43,3,16332,muy bueno,duplex,barrio_49,1031,2,1958,330521,68727,178817,136572,103215,73985,70180,54515,68793,42123,49246
806747,True,103,1,49966,muy bueno,casa,barrio_15,1039,11,2014,372869,78926,256225,148652,105220,75212,32513,60074,56759,63501,52657
530478,True,113,1,117870,bueno,departamento,barrio_47,1033,7,2011,387537,72083,273772,145729,72110,56437,71649,56247,59772,52254,58851
610871,True,127,2,41025,bueno,departamento,barrio_27,1005,9,1951,381957,72679,317219,142387,74676,63046,71131,67946,46122,37751,63665
760789,False,112,3,26125,regular,departamento,barrio_13,1019,9,1999,392111,61935,297803,143558,60326,67480,85225,58216,49637,49987,61718
168708,False,114,2,43455,regular,casa,barrio_20,1018,2,1964,420272,58433,292142,144809,58365,77657,52848,69996,70754,39879,60773
194715,True,61,2,14626,muy bueno,casa,barrio_31,1020,8,1952,328955,72514,198325,133845,116268,73999,49411,64456,54091,36571,55123
977790,False,91,1,103482,excelente,PH,barrio_45,1021,11,2011,463412,65513,234957,153828,182919,54066,65767,58753,59784,55576,62314
788534,False,42,2,42162,regular,departamento,barrio_36,1028,6,1958,215244,64109,159874,148893,57302,65457,58555,64565,60701,41514,55636
785658,True,25,3,21257,muy bueno,departamento,barrio_55,1016,11,1971,245754,73233,137131,141637,112887,57533,46429,59183,61138,47689,62235
802646,False,121,2,31779,regular,departamento,barrio_52,1010,12,1956,294740,58537,302274,149607,67157,60958,27830,44343,60359,41402,57273
860535,True,69,1,23822,muy bueno,duplex,barrio_45,1018,7,1960,332918,77477,201146,142218,110873,73158,61365,58205,51322,40946,58740
546752,True,126,3,103708,muy bueno,PH,barrio_36,1034,2,1954,426270,71489,321912,155173,105941,51701,59574,45904,71845,36722,62014
191267,False,134,3,30891,bueno,departamento,barrio_17,1012,8,2009,394500,63238,339616,141536,76421,52598,37732,53560,48613,55145,52127
601910,False,73,2,41122,regular,casa,barrio_24,1000,11,1954,253613,66157,211496,143419,57792,77341,57875,33625,57899,38506,53664
799439,True,116,2,57468,muy bueno,duplex,barrio_07,1039,7,2003,454520,76865,290055,144250,100796,69551,48916,58545,54536,49935,61714
225881,True,72,2,20078,excelente,duplex,barrio_22,1007,10,1961,438951,75855,213665,142780,177588,66435,96848,51062,47915,40374,61955
919274,False,30,3,42403,bueno,casa,barrio_55,1024,7,2014,234950,61382,143960,140725,67857,85724,46527,43076,58083,53378,62072
777121,True,99,2,45231,bueno,duplex,barrio_25,1032,6,2010,383136,69052,265177,149948,75608,70179,46159,55534,61173,58345,66458
866745,False,79,1,10475,regular,PH,barrio_06,1010,12,1994,266037,58343,218210,134445,54285,53349,61473,41906,51716,57542,60825
550489,False,80,1,44452,muy bueno,casa,barrio_39,1013,2,2008,368698,57038,214875,145337,110293,84655,78255,66237,65715,57991,66229
595688,True,164,3,35010,muy bueno,duplex,barrio_57,1011,6,1971,551409,73346,389378,143546,115473,66233,92148,46480,56056,46220,48053
867481,False,42,3,40295,muy bueno,casa,barrio_52,1005,2,2005,312916,55131,174670,147090,103589,79893,19466,72446,63302,53821,59778
259093,False,108,3,37366,muy bueno,casa,barrio_16,1006,8,1965,437525,64140,291028,146107,111218,71957,63315,58836,51290,52278,53374
886819,False,60,1,44682,excelente,casa,barrio_27,1007,12,1993,396475,54130,176590,140959,185295,85783,73677,54925,62122,53144,59329
983923,True,127,1,105860,muy bueno,departamento,barrio_31,1018,12,2015,444126,74094,299554,155937,106804,55681,47585,68088,58875,58230,64631
376719,True,105,2,14135,bueno,PH,barrio_14,1021,3,2001,418353,84196,270471,142867,72505,54590,67567,58686,73570,55407,60266
791664,True,108,1,27620,muy bueno,departamento,barrio_16,1000,9,1969,374566,74481,265655,144560,109697,62349,66959,32587,41588,44433,52745
421485,False,62,2,61901,bueno,casa,barrio_14,1033,11,2002,315614,65758,195857,142875,77298,79870,72266,61284,52028,54847,53595
405492,False,68,2,53356,bueno,casa,barrio_59,1027,11,2012,318295,57046,201785,147343,72911,81379,83313,61104,50001,55253,71629
477364,False,127,1,52445,excelente,duplex,barrio_44,1002,7,2013,500043,61204,304079,150481,180177,69827,60865,65011,53686,56134,73802
800528,False,157,1,328687,muy bueno,duplex,barrio_50,1033,3,2002,538086,62332,354888,160293,108934,69516,69926,58561,69091,47569,59422
266776,True,112,2,59356,excelente,duplex,barrio_48,1001,6,2001,531773,78120,284281,151387,181281,68681,81751,57254,58742,53936,60113
965691,True,64,3,89747,bueno,casa,barrio_57,1022,10,2005,379469,79264,208713,149741,78670,82423,98823,59892,53078,53904,53581
529838,False,107,2,28406,bueno,duplex,barrio_06,1018,8,2002,386541,59892,275183,136833,72846,64179,70393,63390,53490,58318,54419
181236,True,180,1,16410,bueno,PH,barrio_52,1020,5,1959,451855,80519,400600,142085,72017,56390,23850,67128,66857,42631,56865
733564,False,99,1,28241,regular,PH,barrio_03,1038,3,2007,340081,70194,247415,142765,61361,49327,79076,69806,69129,61659,62874
925950,True,146,2,64188,bueno,casa,barrio_28,1037,8,1962,457714,75682,347112,154118,69653,71490,69548,47185,60758,39918,60715
139863,True,69,1,50285,bueno,duplex,barrio_35,1011,6,1989,338692,74412,201991,147189,70540,69839,86235,44720,63449,48652,55531
405837,False,94,3,50141,regular,departamento,barrio_21,1023,6,1974,332513,60363,266848,149470,54902,60455,44889,58009,61167,43160,54198
678123,True,117,3,30593,excelente,casa,barrio_08,1038,12,1965,537967,76777,303482,144245,176661,74853,55411,70440,52934,38789,57307
586991,True,109,1,26929,regular,casa,barrio_11,1029,1,1970,385610,77206,265712,141340,53152,80697,79826,68618,65439,34587,59334
232980,False,68,3,31449,bueno,departamento,barrio_49,1035,3,1956,281994,60535,218515,142018,70320,61884,69290,43782,75181,46187,66563
450573,False,67,1,64834,muy bueno,casa,barrio_19,1017,12,1981,345322,62628,192520,155564,104779,73923,56113,62763,63434,48086,60212
299434,False,130,2,71153,regular,departamento,barrio_18,1011,12,1979,425552,66171,314212,147714,61963,52949,85405,43248,54993,53327,58820
950038,False,137,3,16236,excelente,departamento,barrio_55,1020,4,1978,544137,57602,340897,132488,182916,55108,39421,69120,67145,43210,51791
705180,False,148,1,66828,muy bueno,duplex,barrio_08,1032,12,1956,424544,55000,341768,147795,103038,66214,59325,61843,58727,41569,59987
706418,True,158,1,21578,regular,casa,barrio_54,1037,3,1993,437260,68730,355939,139914,62992,82115,49672,59675,67361,55833,56877
125291,True,100,1,52846,muy bueno,PH,barrio_55,1027,1,1962,399697,80753,245203,147271,103545,48264,34994,59209,67075,47257,55620
751310,False,84,3,31146,muy bueno,duplex,barrio_35,1028,4,2010,447516,62505,246791,134647,104622,67546,89266,70094,77307,59971,55398
705143,True,142,1,127087,muy bueno,duplex,barrio_09,1020,7,1951,463793,75287,327583,156032,100202,68080,41506,70802,59432,37207,67544
599742,False,120,2,25992,muy bueno,duplex,barrio_09,1012,1,1953,368930,63636,308265,141383,102343,69434,33783,37029,62868,42814,55417
598863,False,61,2,41894,muy bueno,casa,barrio_17,1016,3,1971,292815,61480,191164,152888,106365,77298,32819,56133,72933,37740,54260
215843,True,59,3,58999,muy bueno,duplex,barrio_34,1019,10,1978,348236,76010,203175,144219,114448,69027,74866,62117,51026,48880,62723
956142,True,112,3,18049,bueno,duplex,barrio_09,1032,8,2018,363613,70318,308295,135015,80811,74540,41217,57965,47572,58492,64840
353598,False,89,3,34259,muy bueno,departamento,barrio_27,1022,8,1987,355330,61272,256884,140815,105522,59155,66482,62553,55533,50847,63623
158894,True,94,3,29341,excelente,departamento,barrio_06,1031,12,1976,460657,74173,262990,138633,180599,63024,55061,60174,60053,40289,57305
686716,True,133,2,24075,muy bueno,PH,barrio_32,1001,3,2009,457883,80989,324263,141076,100241,53742,48297,60150,68783,52286,60311
744066,False,122,2,25546,muy bueno,departamento,barrio_01,1030,11,1967,394016,57030,297266,146464,104628,53075,35121,68429,56012,42919,55543
725236,True,142,1,88399,bueno,departamento,barrio_42,1020,5,2013,467348,71936,325047,145926,76304,68155,35956,66191,67684,58596,68605
145150,True,27,3,22497,muy bueno,duplex,barrio_03,1039,12,1978,289760,71256,142311,131094,105634,65565,85230,48517,52876,45660,60402
102525,False,104,2,57132,excelente,duplex,barrio_11,1018,10,1972,512203,58821,267285,151310,175083,64052,86689,73249,51171,42820,61602
626270,False,119,2,46708,bueno,departamento,barrio_10,1019,3,1971,438638,61896,299660,149605,71552,56161,83778,56805,74395,47153,49765
168828,True,42,1,11878,bueno,duplex,barrio_49,1005,3,1950,256952,67645,144040,137604,71206,70996,60315,64259,70757,38882,63761
522162,False,72,1,55014,bueno,departamento,barrio_03,1032,7,1997,287214,56646,202153,145712,72946,54096,77927,59322,53607,54366,56262
729052,False,66,2,11722,bueno,duplex,barrio_25,1028,7,1990,287631,58439,205014,129140,76153,68704,45620,66075,54990,45126,66352
732219,True,96,2,60022,muy bueno,PH,barrio_35,1034,3,1995,405650,71438,267002,145724,100953,57407,88587,44149,77706,60794,64246
365405,True,152,2,24203,regular,departamento,barrio_30,1003,4,1996,513766,67704,360718,145835,59408,65331,113717,61876,60104,52895,51366
215531,False,166,1,36559,bueno,casa,barrio_40,1008,11,1951,454454,58025,372762,146064,73798,77883,69611,68738,58315,33711,56988
914912,True,66,1,12895,muy bueno,PH,barrio_48,1035,10,2012,332953,62443,183842,129493,112043,47684,80909,37551,53003,63639,62404
150138,False,113,3,40051,muy bueno,departamento,barrio_23,1001,3,1986,422025,56588,298762,140554,108549,58526,54776,56201,62579,51884,55231
674085,False,115,2,76234,muy bueno,casa,barrio_49,1020,9,1999,411655,68272,293735,150041,111108,85746,58361,69173,48089,53149,50994
804757,True,109,2,19042,muy bueno,casa,barrio_19,1016,2,1952,433227,76159,274079,138629,110253,81037,55052,54757,67400,46175,64137
765721,False,109,1,22343,muy bueno,duplex,barrio_59,1037,6,2004,402154,60385,267573,135984,98855,70563,84260,44981,61726,55532,62874
510392,True,106,2,52245,muy bueno,casa,barrio_30,1034,1,1998,501724,81824,278800,144604,108483,79533,113068,39061,55031,54757,59636
355570,False,154,2,53300,muy bueno,duplex,barrio_44,1035,8,1976,435569,53695,356821,152751,101935,74248,61295,37632,47227,44558,63368
294627,True,134,2,5180,bueno,duplex,barrio_52,1011,3,2016,394509,70991,318337,140394,69302,70632,24244,43119,70346,60883,58451
666121,False,58,3,182103,muy bueno,casa,barrio_47,1023,3,1996,384968,59925,198970,160608,101515,79111,61693,61901,62457,45863,63062
670459,True,123,3,55428,regular,PH,barrio_51,1028,3,2014,433870,73565,317789,147166,62084,51844,74527,66511,63121,52666,48930
410853,False,126,1,63420,bueno,PH,barrio_32,1038,3,2008,392260,66356,303741,150777,79387,48066,48399,65627,66849,53766,62661
688618,False,106,2,32376,bueno,departamento,barrio_02,1000,1,1964,348784,61873,275170,139311,76311,63086,81274,37110,64873,37085,61589
431530,True,135,3,8231,excelente,PH,barrio_29,1039,7,2020,531201,72951,330772,134386,179591,56115,71317,54078,50474,62967,61467
105023,True,102,2,62304,muy bueno,departamento,barrio_10,1014,11,2002,435067,72468,262147,144459,105779,62830,79144,64755,51655,53156,60761
541963,False,102,1,23106,regular,departamento,barrio_53,1005,4,1963,338361,58384,264364,140570,64934,62738,47794,61771,67870,34268,62585
135855,False,99,1,56114,muy bueno,departamento,barrio_14,1024,10,2006,338640,65641,249885,149397,110424,57950,75626,44327,51267,52936,61008
201715,True,25,3,30484,bueno,duplex,barrio_13,1031,7,1980,277022,73588,141291,139342,75212,70571,93539,60996,57809,50454,49661
304308,True,92,3,43933,muy bueno,PH,barrio_14,1005,4,2011,413530,74646,262744,143643,109848,45052,75672,65979,70338,62818,63562
706326,False,72,1,19536,muy bueno,departamento,barrio_38,1001,1,1962,282272,60575,207001,132440,108492,62495,41309,53899,67192,41109,59389
646627,True,53,2,72512,muy bueno,duplex,barrio_34,1035,10,1968,309004,68905,174987,145837,99617,66761,74477,43578,50525,40669,60546
652367,False,145,2,14035,muy bueno,duplex,barrio_56,1037,1,1974,423584,53286,350589,136464,103573,69303,54888,52834,63875,46470,60534
141961,True,113,1,218919,bueno,duplex,barrio_24,1006,6,1982,408832,69795,277896,154784,73321,73322,51619,58594,65144,42226,56829
186004,True,94,2,217588,bueno,PH,barrio_16,1036,1,1994,387393,67857,255673,155735,78885,55401,71974,44987,65803,48292,54983
223228,False,75,3,134076,excelente,departamento,barrio_02,1036,10,1965,424499,60344,232595,154051,178852,57343,77363,48396,54693,40685,66748
656652,True,105,1,100749,muy bueno,duplex,barrio_00,1039,12,2000,413649,72755,264102,150924,105466,67663,69495,56363,63594,47870,57849
505039,False,130,1,33940,bueno,departamento,barrio_22,1008,4,1951,401695,51814,307112,145635,71229,57236,90766,59866,63381,43967,62250
238321,False,66,2,92340,bueno,departamento,barrio_55,1023,4,1973,296536,61999,210701,154789,74431,66650,39967,57141,60469,46601,53084
926793,True,95,1,33626,regular,departamento,barrio_31,1039,7,1996,351238,72502,248662,145673,66387,65507,55166,54671,56210,58157,60204
560300,True,125,3,10480,regular,duplex,barrio_53,1036,7,1968,367820,74532,320298,126935,45203,67725,52868,41863,60374,43442,58483
912493,True,27,2,120881,bueno,PH,barrio_06,1024,5,1980,260414,75103,139108,147888,77213,48452,62925,43670,62958,58578,61059
412726,False,93,1,89595,bueno,departamento,barrio_05,1007,5,1993,304073,62965,241721,154439,68683,57679,29498,55386,66000,48649,61512
243322,False,80,2,35416,excelente,departamento,barrio_50,1003,3,1967,438441,53623,231114,141739,173461,66728,65468,60405,80365,51277,66815
842123,False,90,3,13628,bueno,departamento,barrio_06,1010,4,2018,330715,59396,258585,132993,71852,64963,60545,47868,68752,60643,70653
186806,True,77,2,22721,bueno,PH,barrio_03,1002,8,2010,324217,71144,221531,146791,75584,43583,88230,61748,50375,54687,57904
329974,True,100,2,8460,regular,departamento,barrio_24,1007,9,2018,335134,70695,268566,134575,58686,58935,43967,43352,54701,55874,63008
317841,True,162,1,77348,bueno,PH,barrio_55,1002,10,1985,431288,70278,362311,148640,74960,60387,51950,60906,49899,47779,64062
374866,False,84,1,10070,muy bueno,departamento,barrio_41,1030,7,1974,346146,62673,226171,139385,107672,64128,77523,69702,54889,47058,61540
179758,True,105,1,45682,bueno,departamento,barrio_05,1023,10,2020,317379,77738,264737,142096,72598,55151,39496,52883,60947,58938,62355
407563,True,165,1,18491,muy bueno,duplex,barrio_50,1020,8,2001,508303,74071,367885,138948,110894,68120,68994,73093,48664,56929,55248
360652,True,76,1,11599,muy bueno,departamento,barrio_50,1032,5,2006,345494,73374,213755,125885,106198,63425,66951,62497,64541,50247,57773
891306,True,159,2,43945,regular,casa,barrio_48,1016,5,1962,503093,73590,373097,147441,62255,81410,83235,55790,66206,40012,61169
226031,False,95,1,27805,muy bueno,departamento,barrio_54,1016,7,2011,298173,65122,243369,136271,112476,56606,49627,50230,51624,54974,66892
394000,False,157,2,71008,excelente,PH,barrio_14,1008,4,1987,572183,61629,362852,148094,186135,56127,75760,69376,67317,49094,59521
119702,False,121,3,13173,bueno,casa,barrio_58,1017,10,2004,353064,58361,317522,139905,76383,75920,34610,64503,48944,52949,54486
553443,True,106,3,19814,regular,departamento,barrio_19,1006,3,2008,371843,78207,288452,133250,62013,63328,56387,48611,69749,55828,60465
578504,False,93,2,5377,excelente,casa,barrio_48,1023,1,1957,480882,60013,253041,132329,184025,78380,75467,54123,61892,36320,54858
453759,True,73,1,6327,excelente,PH,barrio_34,1039,6,1957,363019,78661,201912,137139,171732,52520,75446,53042,61551,44591,61512
575762,False,98,2,153055,bueno,PH,barrio_46,1021,1,1954,363400,65980,269241,151411,72048,59060,80519,48019,74768,35486,58040
917265,False,126,3,192313,muy bueno,duplex,barrio_37,1011,3,1995,443518,60639,326782,156530,105692,72401,43990,46860,70944,47183,60676
926002,True,95,2,39112,bueno,departamento,barrio_38,1027,5,2014,369825,79185,256894,145028,79440,62777,41183,65159,66290,55156,68276
948172,False,84,3,18787,muy bueno,duplex,barrio_36,1032,1,1952,345669,65498,245309,143279,104883,62328,56310,56878,59481,34363,69055
127536,True,86,3,28602,bueno,casa,barrio_46,1018,3,1959,399111,78599,246803,137709,77051,78834,87411,69646,71302,37108,64207
224296,True,130,1,73047,regular,duplex,barrio_44,1010,7,1984,389449,70859,299616,156291,61687,72388,61123,44008,55680,51826,60493
803582,True,138,1,24064,muy bueno,PH,barrio_08,1028,5,1977,464651,78772,309836,138511,109943,54924,62191,71446,64123,49118,60782
504105,True,72,1,43919,excelente,duplex,barrio_49,1007,11,1957,372873,73528,201026,142025,177944,69263,66959,50803,65341,41010,59549
379158,False,72,1,35947,muy bueno,duplex,barrio_32,1039,2,1993,298169,67516,190773,137837,99976,70308,45722,50624,64945,53333,57199
942085,False,108,1,23039,bueno,PH,barrio_19,1012,9,2014,341968,67623,277544,140617,69856,45422,52435,49147,49633,62593,52949
667243,False,148,2,23838,regular,departamento,barrio_30,1014,8,1965,468130,61375,349423,141318,62992,60968,113504,60023,49971,34595,66237
975758,False,135,2,45920,excelente,PH,barrio_58,1029,8,1950,455681,56916,321470,146982,181504,47241,39079,64144,49964,34206,58089
498649,False,51,2,16622,excelente,duplex,barrio_51,1000,9,1965,315555,67692,170140,144906,181913,68249,75387,41868,46360,39936,66348
921585,True,86,3,52124,bueno,duplex,barrio_50,1008,1,1963,347420,75878,250200,146399,71388,72782,68987,70539,72096,40283,67977
925596,True,62,3,24903,muy bueno,duplex,barrio_27,1005,10,1983,366201,75618,207314,141294,108049,68832,70878,69551,45266,49822,63259
947158,True,86,3,40211,bueno,casa,barrio_47,1015,4,1957,392810,77262,255217,147647,72124,80225,68386,67238,78368,36133,62229
356630,False,151,3,109883,bueno,PH,barrio_23,1022,8,1975,461643,63466,367307,152361,73743,51082,61973,51533,52061,44368,56789
337377,False,45,2,31744,regular,casa,barrio_41,1007,4,1958,245879,58180,166953,149882,58169,76945,83766,47899,65018,41555,62265
781408,False,38,3,75799,regular,PH,barrio_38,1013,5,1998,231032,63043,160686,149562,65306,59104,39191,67141,60027,57311,59720
265625,True,66,2,8659,bueno,duplex,barrio_14,1030,9,1983,276642,81965,193347,134151,78415,69671,70385,74831,52756,52612,57706
853275,True,105,1,24927,muy bueno,casa,barrio_15,1037,12,1955,350355,71189,254428,135810,110096,82825,33564,46938,58708,42819,55322
773361,False,117,1,37129,regular,PH,barrio_03,1000,11,1953,346767,55114,282934,144810,63396,58181,78959,34885,52675,34465,59226
399773,True,110,1,169171,bueno,duplex,barrio_08,1025,9,1984,393938,74043,268015,156984,76631,73860,64013,61770,51520,45087,53851
631288,False,136,3,7571,bueno,duplex,barrio_26,1001,7,1992,434388,63512,343468,121818,72031,63981,77033,52436,59172,44928,64124
208369,True,33,1,33625,bueno,departamento,barrio_28,1020,7,1962,232790,74431,133997,152129,70945,54446,68619,59876,54572,43698,58202
521694,True,137,3,116466,bueno,casa,barrio_09,1035,12,1972,433711,74537,345406,156592,76165,73203,38951,44698,58688,46078,59936
179517,False,84,3,19380,muy bueno,duplex,barrio_25,1031,3,1993,410666,59850,238358,142724,101256,73625,58249,61809,71355,51289,52496
242606,False,121,2,30630,bueno,duplex,barrio_36,1009,12,1983,394271,59080,302707,140017,78531,80279,57864,53350,60464,46420,58234
828540,False,49,3,47353,muy bueno,PH,barrio_13,1010,8,1958,292696,58937,182308,153496,106427,58061,87427,43447,54307,43686,67731
118529,True,95,3,42092,excelente,duplex,barrio_20,1031,8,1977,445713,75962,266799,146171,178676,77726,55659,62443,56359,43865,57490
892466,True,103,3,127086,bueno,casa,barrio_22,1032,8,1964,443593,74197,284613,155203,78782,84939,93007,46378,49365,37097,53975
462503,False,135,2,51989,excelente,PH,barrio_30,1011,10,2015,559927,62364,323276,144981,181920,44757,112568,35712,45416,51062,62905
291593,False,40,1,105053,excelente,casa,barrio_21,1000,9,2007,315515,62926,141312,153624,185383,73649,44802,33549,51996,51600,62729
729734,True,96,1,27228,muy bueno,duplex,barrio_44,1017,2,1972,373788,69432,248331,149296,104877,58485,71336,55644,66085,32264,57004
871662,False,57,3,20082,muy bueno,PH,barrio_19,1024,10,1966,280523,55273,201698,137301,96427,52185,62667,45434,52091,38282,61227
441855,True,113,3,30316,muy bueno,duplex,barrio_26,1017,9,1959,417165,74373,297852,140439,104278,69441,73259,59391,46755,41214,55158
597636,True,122,2,14367,muy bueno,PH,barrio_22,1037,11,2002,449364,81971,300766,138248,109254,56797,90947,48790,55363,57764,61774
129542,False,140,1,53466,muy bueno,casa,barrio_10,1032,12,2015,488117,65061,324584,148690,102745,83225,84660,57346,61771,59202,59552
510175,False,76,3,26670,regular,casa,barrio_41,1031,12,1969,327511,58560,230536,136735,54966,82655,76358,60435,59549,42523,58720
311278,True,127,1,21217,excelente,departamento,barrio_14,1000,1,1995,499420,81047,296159,137319,184785,56761,72222,37598,71049,52956,54300
411609,True,143,2,54118,muy bueno,PH,barrio_17,1034,8,1966,398868,72448,338215,146906,108256,48745,43480,44683,53088,41159,51914
824381,False,37,2,14545,muy bueno,casa,barrio_47,1030,12,2015,291003,56070,155813,132043,103969,85250,59663,64185,59749,58195,58097
866590,False,116,1,67265,bueno,duplex,barrio_56,1015,12,1971,386702,58776,281180,149836,73546,79796,47480,70746,65926,44851,65283
377313,False,129,1,24769,regular,casa,barrio_40,1023,7,1956,397104,56298,308451,144449,60614,83765,80631,56221,49711,34192,61568
685069,True,86,1,91792,bueno,departamento,barrio_54,1032,11,2012,322052,69252,224347,148449,75593,59582,50791,61460,59491,53235,63376
748007,False,53,3,26524,bueno,casa,barrio_51,1036,11,2017,287702,65705,189189,142655,75378,82299,75091,51434,54027,57159,59134
771703,False,128,3,60206,bueno,departamento,barrio_28,1022,1,1978,425671,62091,321859,152128,76546,47471,73348,60187,57106,47865,57105
834982,True,53,2,41926,bueno,departamento,barrio_46,1001,11,2014,303588,76790,181231,143906,79702,65136,83834,51537,49017,58347,62329
428083,True,89,2,65849,bueno,casa,barrio_19,1024,8,1967,317519,71377,246766,148368,79926,79372,55762,44291,52029,41021,60969
813920,False,94,2,39654,bueno,PH,barrio_27,1027,7,1969,376450,56642,253066,144259,71761,51213,65622,58937,64436,43006,58978
933541,False,120,2,9598,bueno,duplex,barrio_32,1002,3,1988,382021,58331,300488,125845,73401,70279,46167,59253,68423,49299,55430
181053,False,73,2,81392,excelente,duplex,barrio_57,1032,12,1992,467653,66008,214082,151583,179595,70961,99495,52630,65079,47338,57707
366041,False,71,2,33855,bueno,departamento,barrio_50,1008,4,1977,305184,61237,214177,142930,74797,60673,74049,73709,68560,48851,58136
229952,False,98,2,68296,bueno,duplex,barrio_29,1035,6,2006,379430,62782,263450,151296,71465,68687,71103,42129,56287,56991,52258
638013,True,130,2,63082,bueno,duplex,barrio_39,1022,4,2006,483431,72888,324154,149125,83038,68156,80494,57530,71003,55436,65404
251706,True,175,2,19562,bueno,duplex,barrio_12,1012,12,1958,508463,73856,402740,136034,77849,74193,63405,45475,64015,37901,58478
387144,False,42,3,17469,bueno,departamento,barrio_48,1002,6,2020,296791,58186,173627,136069,69750,54142,78769,58639,52802,62167,59321
202925,True,106,1,61346,muy bueno,duplex,barrio_33,1000,2,1961,333867,79192,265804,144180,98338,70637,42525,38020,74323,41692,51090
751716,True,57,1,28493,excelente,PH,barrio_31,1029,1,1987,364688,69611,175698,140994,175355,46399,55554,65749,61834,45845,62560
298350,False,131,2,76814,bueno,casa,barrio_45,1015,12,1980,445240,55780,319304,147631,75861,81279,70799,68171,59270,44496,65712
441869,True,62,1,31490,muy bueno,departamento,barrio_37,1033,3,1982,307216,77799,189812,148283,100900,62464,42711,58537,67449,47935,63868
219215,False,71,1,82350,regular,PH,barrio_04,1009,10,1959,200492,63955,206343,153878,59563,48073,6945,56049,44211,39157,56644
378114,True,74,3,50952,bueno,casa,barrio_17,1036,1,1974,315948,71113,224986,135337,78489,80702,32040,45648,63263,45671,61912
104037,True,92,2,45724,bueno,departamento,barrio_10,1037,11,1952,336539,74495,248760,143139,73535,58836,85436,55040,56072,41681,57196
470793,True,106,2,26924,regular,duplex,barrio_44,1004,8,2019,359274,68770,278838,140302,58787,81114,62479,73019,53090,56758,54889
647463,False,112,3,43737,muy bueno,casa,barrio_02,1025,3,1960,456092,57135,300268,145438,111004,76575,88344,64423,61714,40995,63364
454408,False,95,1,94304,muy bueno,departamento,barrio_12,1037,11,1984,368967,66265,246831,151765,105720,60060,60523,50079,54741,51966,59688
729263,True,48,2,34774,muy bueno,casa,barrio_35,1012,4,1965,360659,77099,167726,145058,102839,74758,92775,51862,69238,42537,55260
936232,True,120,1,55544,bueno,PH,barrio_41,1002,12,1962,385307,73993,287392,146189,67546,61344,75154,52618,62119,41550,54063
115656,True,93,2,37688,muy bueno,casa,barrio_30,1035,8,1977,432426,75439,247171,148405,114102,71714,114671,49893,48231,49138,58151
157661,False,136,1,40122,bueno,duplex,barrio_51,1018,6,2018,446526,56272,319383,150178,83245,68330,72912,72088,60916,60124,59882
620095,False,70,3,144167,regular,casa,barrio_55,1001,1,1983,323048,65859,215597,146482,68580,75596,44649,51774,59134,45601,55956
778209,False,39,1,94976,regular,duplex,barrio_07,1033,4,2018,207844,57656,136595,146862,62022,67456,49399,66333,73008,56788,59787
940913,True,94,1,38697,muy bueno,duplex,barrio_57,1027,1,2008,424758,75954,236510,143300,92333,70551,98369,55991,66873,54508,55781
485878,False,140,1,43112,excelente,duplex,barrio_36,1002,11,1980,538305,61528,321305,142102,179920,68036,58487,59728,61528,39087,62591
217041,True,101,1,20713,regular,duplex,barrio_38,1010,2,2013,359649,75817,244139,139430,57578,72263,36911,43610,67635,58651,54848
978082,True,88,1,31622,muy bueno,casa,barrio_05,1000,2,1974,310278,73952,230322,143691,98651,79871,28684,40491,64132,37373,65555
271615,True,65,1,46514,muy bueno,duplex,barrio_37,1038,2,1985,331902,83135,192721,142036,101785,67641,42186,72770,71438,51121,55791
330575,True,157,3,71718,muy bueno,PH,barrio_43,1000,12,1998,495313,65028,376921,152084,105316,60708,69329,40355,60621,49960,57352
241271,True,59,3,66130,bueno,duplex,barrio_34,1031,12,1991,331932,76882,201596,148078,77379,59012,76542,57725,61257,49123,61765
809690,False,70,3,14952,muy bueno,duplex,barrio_05,1020,9,2008,319722,63929,213384,136732,110004,61232,28630,65257,55076,57390,59559
658937,True,115,3,79347,muy bueno,PH,barrio_31,1023,1,1961,430749,75550,301244,147604,107985,47784,48526,46347,69229,35084,63392
218335,False,30,3,33826,excelente,departamento,barrio_56,1032,7,1985,310434,57671,151395,152544,178514,55943,51966,58619,55697,48300,63436
844139,False,140,2,16488,regular,casa,barrio_43,1035,12,1997,432976,60316,336627,135692,62378,84189,68688,41816,63904,55392,62178
406719,False,117,2,105779,excelente,casa,barrio_08,1005,2,1973,497439,58466,291228,152231,174520,80787,60950,67077,72027,45329,59483
766009,True,126,2,117081,regular,departamento,barrio_57,1000,10,2011,395521,75640,311606,155097,62349,59592,92180,33295,51187,62164,67519
967501,False,115,1,44846,muy bueno,duplex,barrio_57,1004,1,1971,458313,68758,279970,148667,104149,66226,93528,72641,62255,36870,59068
483072,True,89,2,64025,regular,PH,barrio_10,1027,10,1971,308544,76481,240330,149768,58046,52548,85819,63575,57144,48963,67924
962743,True,58,3,67101,bueno,departamento,barrio_48,1022,7,1973,304055,70577,201795,144700,85287,64290,73921,56556,50536,48731,56830
163542,True,90,1,110926,regular,casa,barrio_24,1003,11,1998,350012,75789,231775,149422,59526,74729,42121,61929,52964,50625,62843
371993,False,61,3,65020,bueno,PH,barrio_35,1009,5,1958,325673,57130,209255,149839,72197,51546,88197,50176,65000,42182,56832
480798,False,112,3,12555,bueno,PH,barrio_26,1021,10,1960,328978,54729,286382,130982,76797,54998,70300,52518,55341,44983,54358
384834,False,123,2,181289,bueno,duplex,barrio_46,1029,11,2005,448222,57129,307066,155032,71323,74393,81980,68081,54381,47831,54210
970591,False,147,2,85180,bueno,PH,barrio_59,1013,4,1964,477069,56988,345986,161341,69799,51952,79792,62574,71906,41049,57923
460645,True,108,1,24158,bueno,PH,barrio_47,1037,8,1957,328532,75780,270087,142990,82015,51292,62149,55177,58351,41758,63684
308615,False,127,1,15935,muy bueno,duplex,barrio_55,1039,6,1968,425663,54224,304603,141524,105830,71266,40341,57683,59125,46785,58655
465053,False,85,1,54385,excelente,departamento,barrio_56,1030,6,1978,432100,55257,226931,136595,176945,55943,55082,69444,58679,43930,65314
843564,True,78,3,29068,muy bueno,duplex,barrio_05,1018,10,1952,339369,77267,234605,137347,104190,73120,24992,68419,46074,47522,62895
107491,False,112,2,47287,regular,departamento,barrio_15,1035,3,2009,340791,63551,285316,139727,58121,56521,39705,41604,67086,59395,61355
371618,False,81,1,65823,bueno,casa,barrio_43,1029,2,1958,326041,59871,218897,146752,78402,75616,60939,65281,64886,38343,56861
673839,True,104,2,23083,excelente,departamento,barrio_35,1020,6,1978,523210,69688,265372,135345,177228,58715,88151,68816,63854,49529,59048
900534,True,58,3,14870,regular,casa,barrio_03,1017,10,1964,314491,73653,197957,131614,61463,82940,82921,60744,50580,41469,57813
874198,True,64,1,49447,bueno,casa,barrio_05,1033,2,1970,304930,67625,192102,144791,71960,79725,25608,62287,63491,46553,58895
505889,False,117,1,23701,excelente,duplex,barrio_31,1022,5,1953,444967,60207,291172,142314,181009,68792,52943,57001,66211,40440,58529
984114,True,126,3,40818,excelente,duplex,barrio_36,1007,9,2017,494167,78896,324043,148423,179729,68732,61609,46842,49711,55520,61940
673659,True,61,3,12399,bueno,casa,barrio_10,1039,6,2016,339000,76838,203064,134175,64956,81111,81151,48928,63737,48626,61690
103155,False,118,2,29681,muy bueno,duplex,barrio_10,1002,8,1958,434165,61350,294608,146621,108713,67941,80890,56331,51048,35285,64472
759855,False,76,3,64342,bueno,casa,barrio_07,1027,7,1964,338878,55418,233315,145867,83803,81820,52061,57369,49731,40687,59950
674106,False,96,2,58968,muy bueno,departamento,barrio_33,1026,10,2012,322911,60237,261511,145532,105643,60466,41803,51967,47798,54276,56797
600974,False,145,2,19328,regular,PH,barrio_00,1023,11,1979,426823,59759,347913,138951,62455,51680,69867,52239,49070,51593,57165
688141,True,123,1,14262,regular,departamento,barrio_34,1002,6,1954,375312,70976,296626,136081,57240,60644,72680,60451,55785,40881,56642
806098,True,123,3,36776,muy bueno,PH,barrio_28,1019,6,1959,427251,69331,309615,138655,99948,51449,74343,50795,62211,34338,58646
239413,False,162,3,56887,bueno,duplex,barrio_27,1035,4,1979,507258,53166,388291,148826,68875,68270,67530,41346,67669,47193,59126
761674,True,70,1,50219,muy bueno,casa,barrio_40,1009,6,1989,366726,77735,203173,144254,107334,73191,76249,52157,50387,49808,59536
414476,False,60,3,24107,bueno,casa,barrio_31,1027,11,1994,262331,61216,206199,134766,75028,78615,48509,65768,58057,49499,51310
312177,False,70,3,46086,excelente,duplex,barrio_43,1034,7,1960,398150,57771,217897,143792,176470,68026,65897,41531,54689,41949,59868
192242,False,86,1,120799,muy bueno,PH,barrio_45,1038,9,1976,352366,61801,227724,154675,97500,55779,69263,68676,54137,41387,58429
781685,False,25,1,42792,bueno,PH,barrio_55,1020,6,1968,181922,58868,122438,143975,74627,53153,45795,70554,59303,44024,61708
367071,False,88,2,9833,muy bueno,departamento,barrio_47,1012,9,1987,335100,57747,243347,130141,108834,63137,70408,47452,50494,48415,61660
775923,False,76,2,42726,bueno,departamento,barrio_31,1027,9,1972,298572,54263,220406,143996,82388,53679,55634,65638,51486,41860,59017
205721,True,122,2,186310,bueno,PH,barrio_29,1019,7,1964,407068,77336,307380,157897,71894,52342,66780,62379,63112,34384,59014
891385,True,107,2,12966,bueno,PH,barrio_14,1025,12,2007,365052,73101,274613,136962,74530,52911,66285,61980,59817,54602,61387
751304,True,74,3,37189,excelente,casa,barrio_35,1029,11,1990,453123,71502,227657,145524,176518,72760,94148,71561,57664,47240,60278
855991,False,116,2,30301,muy bueno,PH,barrio_08,1028,2,1983,434052,61261,297440,144065,103664,48395,59823,68044,69069,45367,60507
550200,True,120,1,39211,excelente,PH,barrio_55,1009,3,1959,511743,69062,286149,151088,180964,51576,39818,57870,65337,43618,64704
251744,True,68,1,42421,excelente,casa,barrio_50,1030,12,1955,463209,75589,195781,146281,181165,84833,71471,72055,63879,44477,62488
326001,False,78,3,90398,excelente,departamento,barrio_07,1021,5,2006,405447,58694,229217,148830,179573,61468,49204,47930,68612,53934,56616
641338,True,25,3,38864,bueno,duplex,barrio_47,1037,4,2018,236690,74232,141871,149462,83942,73157,62292,46866,71495,56421,59382
161034,False,57,2,100892,excelente,PH,barrio_07,1026,10,1991,359207,60964,185703,140301,180951,53217,59493,49560,55599,54335,59213
198367,True,69,1,33053,muy bueno,casa,barrio_43,1035,8,1952,314587,73254,200859,139076,102297,77081,66052,50770,49717,31475,62006
108876,True,98,1,27444,bueno,casa,barrio_05,1039,2,1984,337494,73238,256111,141925,74157,82581,28715,52408,73470,46122,62423
435461,True,62,1,21262,muy bueno,PH,barrio_29,1039,2,1969,314268,76667,184954,135959,106814,49810,62255,49370,63731,45451,53232
405269,True,77,1,8487,bueno,departamento,barrio_39,1029,10,1953,314031,79353,205158,134369,69066,54418,79703,68610,47176,37146,61086
576082,False,52,2,45280,bueno,duplex,barrio_43,1023,10,1960,263916,63307,184270,147068,69624,78328,64184,61632,53298,40707,57364
656329,False,101,1,187813,bueno,PH,barrio_25,1004,5,1985,334423,56617,251897,155200,71723,49365,49328,57759,61977,46229,57941
475689,False,110,1,52396,regular,duplex,barrio_55,1015,11,1980,352227,54035,274179,142404,57562,70843,49396,72925,52641,45278,65518
213162,False,109,1,62906,bueno,casa,barrio_46,1019,2,1990,425413,57553,264702,147409,76557,81940,84066,55950,67890,44691,58511
687218,False,95,3,26097,excelente,departamento,barrio_12,1031,11,1999,458330,60983,267091,137142,166804,59092,58699,56204,53110,51099,51454
514307,False,41,2,29868,muy bueno,casa,barrio_40,1023,1,1968,305764,58336,154509,143158,109262,81777,75893,59923,69536,46403,60680
707737,True,73,1,79835,bueno,PH,barrio_43,1017,8,1970,285041,79620,204003,138473,72742,47008,61937,60744,50555,44409,62715
138368,True,81,3,181127,bueno,casa,barrio_20,1005,11,1998,387933,71171,241486,155411,72866,81092,49601,75830,54888,48073,60819
435005,False,81,2,119415,bueno,departamento,barrio_44,1028,8,1963,323539,60007,225679,156260,78245,51549,67813,67087,46967,39653,66145
394722,False,98,1,69161,bueno,departamento,barrio_53,1017,10,1955,343312,61750,242045,142200,69540,61523,53782,63063,48020,37303,56385
812158,True,145,3,37351,muy bueno,casa,barrio_49,1001,5,2010,507468,71465,352551,146787,104929,73262,60979,54439,66988,51368,47896
957190,True,123,3,42949,bueno,casa,barrio_45,1011,4,1964,457718,71731,321910,145818,70113,86715,65795,50443,73405,46079,61099
808890,True,60,2,19875,muy bueno,PH,barrio_38,1035,4,1958,267838,74468,189929,135261,104278,43241,32728,41846,71160,42688,58276
445419,True,119,1,11401,muy bueno,duplex,barrio_16,1004,2,2002,452650,71499,290292,131280,107838,64380,70741,68542,65888,49594,63178
544583,False,117,1,14744,muy bueno,casa,barrio_47,1016,4,1987,425987,64873,280607,137188,106822,75062,67475,62916,68775,56662,61385
951455,True,67,2,37792,excelente,departamento,barrio_21,1020,3,1960,372245,69571,206413,146986,187429,61811,40308,58286,69312,48833,55936
777246,False,125,3,28750,bueno,casa,barrio_31,1003,10,2010,433346,63127,322961,137090,76403,86702,56375,66433,56212,57820,52990
575557,False,89,3,11209,excelente,duplex,barrio_18,1006,3,1967,449691,60032,257722,131110,182168,74811,84997,56124,73973,40885,61324
398389,True,46,3,35247,muy bueno,departamento,barrio_18,1037,2,1997,320233,72631,178165,140771,101761,56833,83351,58120,73434,52397,57547
367922,False,111,3,28149,muy bueno,duplex,barrio_09,1023,9,1996,368333,60728,294720,143373,105360,62870,35445,58277,51503,49530,61794
733563,False,103,2,14210,muy bueno,casa,barrio_57,1008,7,2008,439620,64431,279939,135394,105416,84988,104167,67445,55684,56894,60657
332184,True,87,2,27007,muy bueno,casa,barrio_08,1006,3,2001,426240,73674,238518,140478,104785,88595,61528,47945,71446,57512,60727
752678,True,94,3,28092,excelente,PH,barrio_05,1017,9,1999,458729,75376,261492,137694,177783,53374,32675,64661,48997,47647,59560
420452,False,70,3,22174,bueno,PH,barrio_56,1028,3,1953,289637,56518,227234,146935,75535,54116,52958,69809,70096,38987,54371
778524,True,116,2,76217,muy bueno,duplex,barrio_33,1029,10,2016,427259,71937,298274,152344,102840,74396,45288,67287,54046,56686,58979
862085,True,93,1,7924,muy bueno,duplex,barrio_26,1007,1,1958,374651,72868,240150,140752,101499,67774,82719,52821,70633,43524,52424
644935,True,101,3,7416,bueno,duplex,barrio_44,1029,8,1968,352956,72281,277981,133480,73926,66139,72525,61200,52608,43727,51567
580178,True,107,1,36411,excelente,PH,barrio_22,1035,8,1981,477980,78893,267711,142484,177532,51349,85969,45381,54859,47355,56111
672702,False,55,2,39218,bueno,departamento,barrio_07,1009,5,1970,295372,65164,176962,150153,73650,60756,52491,59416,63408,43971,58839
812076,True,64,2,50180,muy bueno,departamento,barrio_43,1001,9,1992,348556,78402,200645,142232,105521,57653,73572,53139,46539,52059,57447
880515,False,25,3,23596,regular,casa,barrio_10,1038,5,1953,232454,57971,143687,142770,60400,79754,84813,62063,70116,42043,59569
744036,True,115,1,17425,bueno,departamento,barrio_33,1020,8,1982,347493,76050,274681,144170,79122,66712,39212,66076,56243,45967,60334
543832,False,53,2,36104,muy bueno,departamento,barrio_56,1031,3,1974,282717,58282,184187,147487,107366,60120,58845,60179,68642,46561,59141
822218,True,100,2,25508,bueno,casa,barrio_56,1012,7,1995,367192,69992,263389,144706,71938,83550,51365,41852,56614,51289,61865
304727,False,108,1,125600,bueno,casa,barrio_21,1011,10,1986,318063,63258,268208,154549,72720,85976,41161,49748,55918,50473,56277
358752,False,116,1,28018,bueno,PH,barrio_46,1009,12,2003,383705,58501,284015,138423,78343,54304,83065,59990,59561,59056,71025
185180,True,53,2,34803,bueno,departamento,barrio_36,1008,5,1961,308224,74553,176947,143217,74610,65400,55366,68954,65158,40837,58782
590104,False,93,3,263112,muy bueno,duplex,barrio_28,1018,6,2017,420285,58921,265938,160080,101540,66105,68922,74109,63719,50711,68381
281708,True,153,2,31076,excelente,departamento,barrio_08,1004,6,1977,574059,75890,361003,137643,184271,58320,60654,71612,59168,49046,62814
465380,False,155,3,56666,regular,duplex,barrio_22,1033,11,1974,465946,50487,377115,153709,60430,74429,80366,58989,58885,49855,59446
321313,False,130,3,60904,muy bueno,PH,barrio_39,1020,12,1988,459565,62754,324484,145342,100269,49863,80402,62277,69764,49149,60170
499872,True,107,3,65194,bueno,casa,barrio_59,1036,8,1961,373530,71085,299492,149928,69666,79416,88037,52227,52728,39712,66442
403760,True,60,3,45779,muy bueno,casa,barrio_00,1020,10,2007,375023,76508,199804,147165,109109,75534,63759,70940,53748,57300,62528
355964,True,120,3,42407,bueno,PH,barrio_43,1012,2,1968,382286,72469,304536,147336,73886,55452,67666,46357,71996,49142,67189
452716,False,89,3,39351,bueno,PH,barrio_50,1020,10,2015,354291,54274,260755,134452,73414,48058,62794,62212,46841,50366,55881
307441,False,115,1,22907,bueno,departamento,barrio_57,1006,10,1960,372478,57979,283185,147553,81867,56666,100494,48371,57476,39496,56084
311540,True,73,3,47118,muy bueno,PH,barrio_25,1032,9,2011,322629,76596,230762,144826,104207,57864,54361,58926,49796,53732,57887
175799,True,89,1,184042,bueno,duplex,barrio_07,1028,8,1977,278537,77085,232834,153438,79419,67211,47139,70039,48927,45312,63638
130450,True,101,3,95659,bueno,departamento,barrio_16,1005,11,1993,401078,80320,277263,150377,75007,52456,73781,70533,55532,58499,63241
899179,False,104,2,46311,muy bueno,casa,barrio_51,1023,8,2011,446367,56414,276091,142726,101289,69097,73751,61592,49671,48654,61249
831054,True,112,3,72017,muy bueno,departamento,barrio_52,1021,11,1959,392320,72763,295288,149912,111282,59089,23005,51819,53104,34580,55961
340269,True,75,2,18118,bueno,duplex,barrio_38,1008,3,1974,323414,77556,220496,144333,78507,67707,42223,60618,64188,51417,61159
300103,False,48,2,29484,muy bueno,duplex,barrio_07,1004,8,2017,288283,58149,172857,139290,108427,71746,46097,64403,62129,48444,58298
577290,True,152,2,77519,excelente,duplex,barrio_07,1030,6,1960,577793,79674,361931,142718,171967,76030,53053,62545,55870,46480,57519
392853,False,182,2,119340,bueno,duplex,barrio_28,1010,11,1957,504484,63467,411609,149545,80326,67867,68212,41739,57905,36671,60767
185191,True,111,2,19600,muy bueno,casa,barrio_35,1020,11,1987,450618,74959,282333,141831,99220,83729,82426,68074,55517,49680,61892
885690,True,49,2,24665,bueno,departamento,barrio_01,1009,11,1951,214569,73180,175323,143241,76461,57900,36506,53002,57408,32184,56399
385450,False,68,2,207960,muy bueno,casa,barrio_41,1026,3,2020,399719,70652,209576,156922,98342,82799,77127,54465,70083,62428,57936
747385,True,113,2,39223,bueno,casa,barrio_32,1001,6,2014,407645,72590,292027,145124,77870,85538,48525,58390,63080,50252,61875
489075,True,142,1,156168,muy bueno,duplex,barrio_00,1014,1,1963,469237,66155,324444,159645,99011,63576,68889,53916,71195,47752,63420
981623,False,53,2,42851,bueno,duplex,barrio_05,1021,12,1962,237608,60206,177885,145722,74407,64967,26089,48602,61406,36179,59933
321457,False,91,1,44221,bueno,casa,barrio_27,1017,4,2005,355475,57748,240928,140740,76431,81563,69197,57537,73431,55880,61921
450593,False,102,1,28442,excelente,PH,barrio_43,1024,8,1986,427847,59905,259599,132884,175666,46121,67932,40729,52960,49884,68756
756574,True,125,2,77191,bueno,PH,barrio_49,1007,6,2008,426167,80204,315430,147216,79236,59820,62346,53759,59593,59594,60608
615168,True,83,1,107605,excelente,casa,barrio_25,1017,11,2018,464167,66678,224257,149747,175129,84987,57040,66195,60129,57814,64249
718917,True,40,2,15867,excelente,duplex,barrio_17,1030,10,1978,339475,78013,155963,137023,178247,63856,39638,71492,49990,47748,64711
311034,False,117,3,27393,excelente,duplex,barrio_58,1013,10,1968,503223,58268,313724,140547,181647,71093,36947,62145,53558,46628,58407
263410,False,134,3,75513,bueno,PH,barrio_27,1006,8,1993,431912,59375,328435,148067,73301,44722,67159,58582,60814,55208,56071
360420,True,92,1,32740,muy bueno,PH,barrio_18,1033,2,1995,391214,80062,241354,143025,103771,55037,80368,58399,68201,50722,58768
927413,False,109,2,24472,regular,departamento,barrio_26,1031,12,1980,354464,61986,273652,143489,60139,60737,73691,62376,67304,44089,57005
243477,True,78,2,81441,bueno,duplex,barrio_00,1027,1,1971,369946,77388,225406,150027,75530,70404,70935,61196,71409,41989,53995
872493,False,65,3,87795,excelente,departamento,barrio_18,1031,6,1968,412734,57002,218130,149843,176597,54266,77678,61683,59134,43818,59591
428963,True,131,2,25344,muy bueno,duplex,barrio_30,1031,5,1987,521479,76076,323342,143289,99111,73007,115330,59898,65817,56284,54509
344983,True,109,3,43040,bueno,casa,barrio_55,1029,5,1980,425510,71653,292903,143945,75562,81601,42924,62609,62261,49789,60880
245459,False,112,3,13811,bueno,casa,barrio_44,1020,12,1982,408250,63521,293482,136645,70771,75453,60051,68590,61009,47309,54726
910626,False,148,1,17741,muy bueno,duplex,barrio_46,1000,3,1956,480520,54998,341808,144894,103766,69347,84968,35038,73636,34137,57587
509037,True,58,2,40108,muy bueno,departamento,barrio_32,1023,7,2012,314885,80994,188975,141915,103864,62769,45974,54100,54402,62228,65543
963390,True,76,2,37240,bueno,departamento,barrio_06,1010,3,2000,311740,71543,211099,141944,71063,63878,62201,40236,65069,47511,57366
370450,False,101,2,16756,excelente,duplex,barrio_23,1030,11,2015,473973,59869,259537,133815,174276,65085,54574,69304,56028,54803,62645
515532,True,75,2,20480,bueno,casa,barrio_59,1018,9,2008,370769,71633,219034,146437,77213,77780,84468,62971,52503,55193,59527
273845,False,122,1,15490,bueno,PH,barrio_02,1036,5,1993,416359,50756,287198,141996,76525,50711,80343,41440,67554,49446,59679
798351,False,88,2,52263,muy bueno,departamento,barrio_52,1023,1,1971,326891,59405,234041,150900,113879,54940,24429,60896,69486,39430,57284
561951,True,60,3,7524,excelente,casa,barrio_41,1022,2,1996,422903,78311,207282,127391,179074,87123,76179,58457,73170,51322,57034
976933,True,97,1,16167,bueno,duplex,barrio_17,1036,3,1990,278285,80388,251419,138291,74675,59985,30115,45557,67699,52161,63447
100817,True,101,2,8182,bueno,casa,barrio_46,1019,5,2015,417366,75491,265161,135171,71757,83346,84701,51262,68481,50674,66969
815761,False,128,3,50778,regular,casa,barrio_50,1015,11,1966,434595,61350,329955,143146,57669,75946,65851,66758,57307,39141,60033
457339,True,109,2,8585,excelente,PH,barrio_02,1014,2,1951,507162,72530,277057,129494,181326,48251,82932,64635,70355,41707,58897
776337,False,111,3,37249,bueno,duplex,barrio_06,1035,7,1959,358155,55370,293853,145421,75236,69726,60804,47826,57106,42769,58731
877890,True,106,2,134810,bueno,casa,barrio_39,1030,5,1962,464085,74688,279701,149931,72561,74392,68690,73933,68128,41385,61296
372956,False,88,1,138517,excelente,PH,barrio_59,1006,1,1997,485962,57234,229904,153327,178766,48197,82364,60856,66938,49892,59928
102669,True,70,3,8564,regular,PH,barrio_01,1019,8,1960,262107,71022,226159,134721,72261,53385,26690,55221,58089,45108,60580
200864,True,105,1,46107,muy bueno,duplex,barrio_39,1014,9,1959,389761,74695,253339,150960,103462,69324,73648,61403,53998,37754,55389
741783,False,83,1,16462,bueno,casa,barrio_08,1025,12,1978,346606,62715,227883,139025,79807,77644,65301,72450,52105,49135,58142
281907,False,154,1,13982,muy bueno,duplex,barrio_39,1002,7,2005,486662,59433,343229,129463,108685,72092,83903,64934,55779,59021,65124
232788,True,142,3,33164,bueno,PH,barrio_37,1028,4,1980,431699,63487,355348,151553,71073,46776,40962,69261,71407,40375,62589
666503,True,117,3,97016,bueno,duplex,barrio_05,1029,11,1969,400495,69035,309530,157399,73712,71006,20601,70511,50137,46565,62536
318166,False,108,1,58673,bueno,departamento,barrio_40,1009,3,1970,367348,64287,271080,148985,78086,55337,70597,51621,78142,41503,58108
285330,True,92,2,20494,muy bueno,duplex,barrio_53,1006,9,2008,362606,69738,245803,138580,101588,70920,52051,55199,49633,58789,61463
868605,True,51,2,63833,muy bueno,PH,barrio_51,1025,12,1980,336644,71308,172270,152119,102116,45629,66985,61059,62338,46328,60868
727740,True,87,1,6033,regular,casa,barrio_01,1010,1,1976,284305,72620,234704,130268,59791,81317,34586,43233,58472,49209,58135
924815,True,99,3,19883,bueno,duplex,barrio_14,1037,12,2004,435676,74564,271435,137425,72348,68789,75603,49449,58111,54995,61255
547775,False,103,3,18786,excelente,duplex,barrio_14,1031,3,1976,502820,64541,283952,139620,181379,62917,60724,53461,66602,46717,63137
903058,False,111,2,38664,regular,departamento,barrio_27,1038,6,1975,384167,55976,288787,145134,57439,65484,60972,56401,54057,45310,61407
191575,True,127,2,30876,bueno,PH,barrio_08,1021,4,2003,426112,82211,315291,142236,72278,48364,62818,56713,73274,52779,64400
478101,False,71,3,32429,muy bueno,departamento,barrio_51,1037,2,1973,319404,62737,222335,143562,100999,55455,74820,48106,71805,45316,66091
917603,True,71,2,31578,bueno,PH,barrio_46,1000,9,1986,300618,74141,214893,143462,79135,53223,90510,43104,47243,44991,59477
354331,False,146,2,36972,bueno,duplex,barrio_48,1011,6,1997,456850,63520,348783,144764,73236,63838,74872,38062,62107,54123,56234
198087,True,122,2,55944,bueno,duplex,barrio_11,1000,7,1964,414916,72349,301110,143858,76729,70250,77429,39463,59908,36634,64305
115800,True,81,2,40924,bueno,casa,barrio_00,1027,6,1959,346034,75103,223678,143518,74557,83162,68402,63425,62351,36168,63427
903994,False,91,2,28927,bueno,duplex,barrio_54,1020,9,2010,322491,57184,250226,146344,78955,65841,45947,68844,52353,56524,65694
590249,True,91,1,50081,muy bueno,departamento,barrio_17,1011,12,1971,305498,77036,235544,147897,106336,65109,36476,42096,61792,41148,59130
918418,True,96,2,70326,muy bueno,PH,barrio_39,1012,7,1974,390835,69189,251214,151186,109723,51013,79214,51763,56340,38690,59639
333686,True,112,2,23276,regular,duplex,barrio_54,1025,2,1991,390628,78775,288939,142408,63214,75481,47931,68509,73884,44328,50426
661892,False,184,1,34630,muy bueno,departamento,barrio_02,1007,4,1957,500264,54314,405325,146658,104068,60569,79770,57269,68149,42138,55525
749939,True,102,2,91998,bueno,departamento,barrio_00,1020,6,1953,373572,70496,279088,154509,75329,70381,67387,65699,51562,37675,63069
542268,False,118,2,15030,muy bueno,departamento,barrio_00,1024,2,1979,432170,58399,293554,132058,103870,63217,62633,41624,66319,44267,72641
181221,False,36,2,153854,bueno,duplex,barrio_09,1009,3,2018,266042,57548,145518,150307,76148,76518,37251,52642,67536,58412,57650
175597,False,78,3,12440,muy bueno,departamento,barrio_03,1009,3,1990,355262,60765,235781,143530,102371,64408,89953,54643,68052,54207,65115
750500,True,138,2,27549,bueno,departamento,barrio_49,1014,12,1991,417480,72903,331090,142772,72595,54380,67308,64787,59310,54018,57767
825472,False,109,2,16981,bueno,departamento,barrio_36,1023,5,1993,355631,67322,266083,138462,79185,55618,52721,52515,63342,50634,50775
734445,True,25,1,209053,bueno,casa,barrio_58,1010,11,2011,236113,66285,119252,155694,74169,77612,41441,43892,50914,63279,56831
802204,False,119,3,24278,regular,departamento,barrio_48,1015,7,2009,411399,60532,308083,133956,63130,60886,73903,68761,54982,63688,58451
536028,False,162,1,24327,bueno,casa,barrio_57,1021,7,1951,493989,59743,370238,131694,71836,78038,95730,60359,53534,39916,61680
543983,True,25,2,26995,muy bueno,casa,barrio_14,1007,12,1988,300987,78810,131300,135989,107418,76397,71849,49229,62465,53504,60771
951022,False,148,1,39202,muy bueno,PH,barrio_17,1022,9,1988,414418,58318,343222,147208,102878,53921,33521,53928,49353,54578,64180
258263,True,25,3,27924,regular,casa,barrio_50,1005,3,1965,257833,70549,138890,144096,55821,77714,65405,61034,64155,43080,61627
754456,True,128,2,32653,excelente,PH,barrio_14,1005,4,2019,536090,74936,316796,142849,182345,51615,69684,73716,72292,59751,61465
503698,True,95,1,2157,muy bueno,duplex,barrio_03,1009,8,1968,383604,79484,240974,130928,111719,67262,80139,58445,52330,40800,59895
960801,False,25,1,38015,excelente,PH,barrio_40,1011,1,2009,323701,58574,122326,139869,183409,48764,79236,41333,66040,56408,56923
985417,False,111,3,36837,muy bueno,departamento,barrio_48,1001,2,1957,420665,62350,294437,141651,112739,59761,76597,50334,77842,34691,57498
129690,False,135,2,83354,muy bueno,casa,barrio_58,1038,1,1992,451281,57567,328751,155134,110645,79231,36605,67830,67923,50508,55790
227269,True,108,1,103492,bueno,duplex,barrio_55,1012,9,2002,382035,69542,259508,153091,70205,69315,38139,45996,56149,50374,60602
449287,False,115,3,31252,muy bueno,duplex,barrio_07,1032,6,1985,447038,61628,302521,144056,102746,70003,54096,50235,69289,50888,52344
294792,False,81,1,69772,excelente,PH,barrio_46,1036,1,1957,385524,57224,218309,145164,181639,51588,75473,45716,69531,39457,66182
734484,False,30,2,15044,regular,casa,barrio_50,1032,9,1958,192501,67282,137035,141740,58481,80375,69542,52855,53429,37972,57823
215499,True,119,1,67096,bueno,casa,barrio_41,1033,8,1993,429284,80031,287455,153043,76554,78586,75986,61740,54516,46090,62999
908318,True,156,1,22972,regular,departamento,barrio_49,1004,9,2011,446820,78037,356082,136755,54885,56839,66338,72853,50279,57863,60500
788472,False,135,1,14076,excelente,casa,barrio_50,1014,2,1992,546486,63840,315677,134300,180290,88951,64599,77676,66105,48461,63864
240564,True,25,1,31305,bueno,duplex,barrio_26,1029,11,1957,242671,73430,123592,148304,69748,75228,76646,61709,55480,34801,57843
132801,True,42,3,111344,muy bueno,casa,barrio_02,1023,3,2005,371170,74637,175460,152360,104264,83455,81227,54606,71848,47971,60845
482441,True,65,2,41974,muy bueno,departamento,barrio_27,1000,7,1982,324196,70791,208156,146964,104327,61098,72915,35155,56490,48258,57953
446743,True,39,3,120233,excelente,duplex,barrio_12,1022,7,1955,348724,68318,167081,151945,172935,64740,58994,55833,53175,39763,58341
499055,True,97,1,19951,bueno,duplex,barrio_06,1032,3,1976,357578,78338,245228,141527,81461,72347,64969,51119,74250,54002,60383
513031,True,109,3,83976,muy bueno,casa,barrio_07,1033,5,1964,447924,77932,290029,153156,107831,80636,51363,72755,65780,42456,67767
655697,False,45,1,21553,excelente,departamento,barrio_41,1015,1,2020,419161,59783,156434,139172,181206,66093,70132,70132,67111,51740,59487
712964,False,122,1,43489,regular,PH,barrio_30,1009,6,2014,428309,55858,293497,142747,58065,54499,119064,50310,61730,60170,63689
612336,True,116,1,43189,muy bueno,PH,barrio_32,1012,9,1957,366952,67125,284843,146818,108142,53182,48789,51013,50603,38206,56673
449227,True,76,3,61648,bueno,duplex,barrio_44,1011,4,1990,336817,74099,232616,154704,81316,71398,65176,37802,66721,57020,62360
760133,False,89,3,44382,muy bueno,duplex,barrio_32,1013,7,1950,343575,61629,261134,145427,108931,76274,47231,58492,59972,34205,59525
246362,True,27,3,20104,bueno,duplex,barrio_37,1012,12,1982,219510,72895,147687,145704,74347,74739,47495,47135,59592,49671,63570
989162,False,83,3,73442,bueno,casa,barrio_05,1018,3,1961,321814,55302,240992,142000,80035,81779,32724,66593,62958,42888,56515
225092,False,95,1,145121,regular,casa,barrio_51,1001,4,2003,371287,63040,243353,154491,63930,76653,74114,62218,63664,50148,70412
398373,True,101,3,22764,regular,PH,barrio_26,1011,2,1955,344221,78628,273523,144466,59712,47836,70388,38967,66529,37585,64711
769920,True,108,2,8365,regular,casa,barrio_09,1012,7,2014,331547,66963,276632,137359,56645,77332,34901,39333,53360,57888,54793
404944,True,104,2,54147,muy bueno,departamento,barrio_48,1006,3,1966,430962,80731,269401,150000,104607,65725,83788,46699,69406,41479,55701
425832,False,86,2,27863,bueno,casa,barrio_44,1035,11,1968,348267,56577,241385,146552,69360,83974,67570,42456,53632,38377,62044
838671,True,105,2,32700,bueno,duplex,barrio_03,1027,4,2012,451311,79721,274784,137857,72878,76048,89016,62249,68401,46109,61037
343303,False,130,1,56667,muy bueno,casa,barrio_11,1036,8,2014,466740,59167,305152,148004,99897,85702,77159,48443,53087,55536,62092
261213,False,92,1,25207,muy bueno,casa,barrio_00,1022,3,1956,378241,56263,235801,142128,109473,79690,64722,61602,66410,44635,58564
426646,False,106,2,29288,bueno,casa,barrio_16,1004,4,1957,379745,55902,274839,146297,77950,76576,73412,64017,60141,41474,58484
496658,False,88,2,33520,excelente,casa,barrio_05,1036,3,2010,390522,57076,239668,140534,173048,82372,29674,49638,71889,55204,64431
622774,True,72,3,117689,bueno,PH,barrio_42,1018,7,2019,349741,72806,225312,158779,78006,49903,47800,69845,58579,58876,56604
989021,True,113,2,37200,muy bueno,departamento,barrio_31,1027,1,1984,445276,76501,288263,152600,99856,55888,48319,54878,65762,48416,59766
659321,False,76,1,13514,regular,duplex,barrio_58,1015,1,1961,271861,53582,207849,143621,58604,73052,25845,72846,64543,40202,62181
407806,True,109,2,13951,muy bueno,departamento,barrio_44,1019,7,1960,412648,74306,283095,132729,106324,55394,59740,50839,52489,37591,61399
955722,True,96,2,40594,excelente,PH,barrio_36,1019,7,1968,461916,76560,257078,145916,182427,47442,50930,56433,48831,42224,56213
441650,True,84,3,14713,muy bueno,PH,barrio_30,1011,4,1998,411902,78282,250465,139164,96683,54933,110621,51943,63296,56789,57451
276693,True,84,2,10406,muy bueno,PH,barrio_03,1022,6,1956,346709,66918,236543,142791,102933,52345,81553,58113,65124,43697,65435
878436,False,77,2,60381,muy bueno,duplex,barrio_04,1029,5,1995,346817,55363,221805,147551,100620,70534,15231,65977,69024,49690,59851
133260,True,37,3,62793,bueno,casa,barrio_36,1000,10,2007,271068,78896,160434,149765,80040,87737,63060,38706,56543,58247,57947
920601,False,108,2,27051,muy bueno,PH,barrio_00,1005,6,1960,410806,62857,275629,145298,103155,53131,62506,61346,61835,36056,58212
985503,False,103,3,45932,muy bueno,duplex,barrio_02,1033,11,2019,424351,51196,286152,140196,106469,79853,77822,57356,53143,55447,58692
582880,True,125,3,42214,excelente,duplex,barrio_13,1022,3,2020,583869,79207,320251,151484,177324,69759,88959,54136,70699,59117,54136
492395,False,76,3,58802,bueno,PH,barrio_53,1038,3,1971,312079,60000,232918,146947,81636,56500,53216,66491,70390,44312,58839
779833,True,161,3,58912,regular,PH,barrio_27,1024,5,1957,440579,72678,384896,144292,56982,48613,71091,49348,67424,38263,60543
409090,True,82,2,4516,muy bueno,duplex,barrio_42,1026,1,1973,347754,76320,235850,119770,101286,68850,40388,53206,59876,44208,58525
830280,True,64,1,29959,regular,PH,barrio_24,1035,9,1968,216424,67161,189700,141255,61110,57824,48744,42331,52829,38804,55582
496751,True,60,2,54958,bueno,duplex,barrio_10,1026,5,1969,333395,73817,193265,148519,80038,70816,87582,53596,64466,48340,60715
512541,True,34,1,26151,bueno,casa,barrio_22,1013,5,2015,295390,76357,132618,136529,69211,77757,87783,64072,69109,51695,63776
620414,True,149,2,37383,muy bueno,departamento,barrio_05,1021,7,1960,421616,72289,354560,140422,108288,57524,35124,55550,61398,38500,61596
476659,True,143,3,66208,bueno,casa,barrio_46,1009,1,1972,510312,74860,355345,139708,76034,79748,81504,60591,61091,49705,56779
741215,True,116,2,38744,bueno,casa,barrio_11,1013,5,2005,452182,75124,293594,146686,77311,83809,76244,64216,67446,54454,63128
761059,False,64,1,121338,regular,departamento,barrio_22,1027,12,1954,283541,59793,183502,149913,58782,61126,89224,62338,53584,37266,54865
981465,True,158,1,89464,excelente,casa,barrio_58,1005,8,1954,528764,73771,350323,150511,179961,79311,41904,58783,56134,39946,61423
330465,False,83,3,33029,muy bueno,departamento,barrio_35,1026,7,1971,364718,59205,246712,143322,103816,61574,86749,57060,54352,44149,56862
394066,False,86,3,30994,regular,departamento,barrio_27,1023,7,2018,326824,52609,250809,142556,61724,61866,62315,53448,56595,62751,57512
640227,False,145,2,3714,regular,PH,barrio_32,1012,6,2009,367315,63166,342882,125114,56948,57542,48223,50875,60963,55717,62584
907020,False,118,3,27967,muy bueno,duplex,barrio_47,1001,12,2015,473750,63650,304783,142933,99029,68390,66683,53731,63424,60716,66498
397075,False,172,3,12300,bueno,duplex,barrio_15,1028,12,2011,509481,59135,409348,134474,76674,73187,34996,67533,60066,63240,66289
678368,False,104,2,43347,muy bueno,departamento,barrio_38,1032,5,1958,338286,67346,272931,143699,106608,56874,35826,52195,63106,42547,54125
554560,False,81,1,41040,bueno,departamento,barrio_52,1029,12,1978,282188,60041,218423,145201,70594,61341,20386,73260,60962,39692,60902
739313,False,74,3,63366,excelente,duplex,barrio_34,1016,1,1987,449275,64925,231639,143722,184644,72864,78385,59125,65898,49098,61273
316933,True,30,2,111006,bueno,casa,barrio_26,1026,4,1961,262708,73220,137694,155163,71587,83122,76671,51336,72794,41035,66555
742116,False,85,3,35560,muy bueno,PH,barrio_08,1016,4,2020,368381,58483,247785,156363,105857,53168,59905,54005,73597,57951,58061
223533,False,135,3,225107,regular,departamento,barrio_14,1014,9,1992,416455,59766,338524,161964,60640,62295,66006,60227,49968,52144,60408
169868,True,116,2,43738,excelente,casa,barrio_56,1013,8,2010,510129,73148,296023,144454,184473,82461,49370,66960,53060,59561,51806
372245,True,96,2,12731,excelente,PH,barrio_32,1008,6,1968,472043,66064,251938,138107,179660,56277,52963,69905,62369,39694,64697
911067,False,60,1,23164,muy bueno,departamento,barrio_18,1038,4,2000,354599,61334,179091,148734,106961,63900,87967,71323,63266,53628,56414
808504,False,103,3,26952,bueno,casa,barrio_25,1026,7,1957,304408,58619,278973,144184,74713,75542,57810,56562,54859,34711,65414
536732,True,130,1,58320,bueno,PH,barrio_34,1006,4,1951,404167,80269,303327,144568,74817,53951,74154,59089,68876,35043,58415
244600,True,110,2,17021,muy bueno,casa,barrio_32,1034,6,1995,414827,75747,282114,136589,108197,82955,47393,38319,63204,50080,64827
380342,True,101,2,28613,muy bueno,PH,barrio_41,1006,5,1954,400556,75995,266311,145455,106511,58870,70248,50282,63264,44017,56671
150088,False,67,1,31926,bueno,casa,barrio_15,1023,11,1969,233161,61392,187751,138422,73886,83086,32869,55506,57913,43529,51812
203786,False,125,2,25375,bueno,departamento,barrio_38,1006,9,2006,378544,57154,307601,135338,71036,57188,38755,54853,44385,58172,65315
776239,False,25,3,69503,bueno,duplex,barrio_26,1014,3,1985,250721,60284,141554,149028,77231,76409,70746,63281,73651,46581,59981
297858,True,108,1,60661,muy bueno,casa,barrio_56,1026,12,1976,404555,74168,263443,146541,108924,80278,50226,51640,57131,51777,57089
270597,True,185,1,92342,muy bueno,duplex,barrio_09,1039,8,1970,511183,77817,408291,155552,102786,68701,39363,54405,45127,44276,65458
408839,False,42,1,27866,muy bueno,PH,barrio_08,1039,5,1997,259673,66453,150644,152042,101754,51377,63905,50752,69209,47827,66481
721158,False,87,1,95037,muy bueno,duplex,barrio_27,1035,7,2017,348539,60684,223866,147012,104502,63426,72172,46967,53189,58193,55916
792707,True,95,1,12195,bueno,casa,barrio_30,1009,3,2002,409635,71092,241892,135292,81698,78554,113548,57470,66391,49922,52947
490614,True,79,2,11960,bueno,PH,barrio_41,1003,1,1975,323656,74091,227832,135720,75645,52459,78272,68304,62802,41177,57509
728289,True,131,3,13752,regular,duplex,barrio_24,1036,6,1979,398693,75266,325653,135386,51815,65666,52590,47407,52879,47601,63145
153270,False,112,3,36584,muy bueno,duplex,barrio_54,1036,10,1957,375898,61893,297212,143019,109666,72853,47648,48149,49063,40352,54869
396902,False,100,3,95026,bueno,casa,barrio_28,1011,5,1960,375869,59110,271178,154653,74874,78510,66560,52926,59290,41765,71057
520545,True,123,3,22433,bueno,duplex,barrio_07,1000,5,1969,409527,74211,319636,144972,76942,74087,49696,22308,62519,40908,65709
390769,False,96,2,24801,bueno,casa,barrio_07,1025,12,1977,352811,60265,253141,141332,71797,86120,54486,71228,63015,38867,61251
180114,False,206,3,30552,bueno,PH,barrio_58,1003,12,2020,524720,59407,464162,139752,78161,48528,35250,57499,64207,62866,57726
470469,False,100,1,57427,muy bueno,departamento,barrio_08,1001,6,2011,355897,57751,252721,147699,101719,66057,55965,47012,62409,57494,59414
748535,True,102,3,24783,bueno,PH,barrio_56,1037,1,1958,318269,74442,282154,138581,70705,50989,57917,54465,60941,44971,56374
479294,True,35,1,23701,regular,PH,barrio_16,1019,9,1973,217237,78279,140673,150042,63946,49273,65797,61878,42733,48380,59885
237698,False,76,3,12378,muy bueno,casa,barrio_05,1004,9,1953,332353,57122,224254,135522,98464,75552,26344,68732,54798,43899,62787
830703,False,135,1,22986,bueno,PH,barrio_18,1026,11,1954,399555,64083,314976,142548,77276,51362,84037,57463,53261,37582,57885
462170,False,48,1,93150,bueno,duplex,barrio_36,1014,12,1976,250387,60297,152574,157833,73753,70155,59650,63752,57530,47874,66095
141337,False,25,2,39056,bueno,departamento,barrio_25,1021,8,2018,212523,66899,130928,143978,67669,57499,54038,47028,53683,55827,57568
535278,True,96,3,20093,muy bueno,departamento,barrio_47,1035,2,1963,373929,68410,261922,134455,101845,62554,66975,42333,68448,38695,60918
871854,True,143,1,97628,bueno,duplex,barrio_36,1009,3,1998,461161,65464,329614,149012,70100,71310,52285,53336,75778,53949,64592
981695,True,96,1,22739,muy bueno,casa,barrio_24,1025,9,1977,363219,74264,242785,143462,97332,79477,49100,67464,58033,48337,55247
817240,False,83,2,113093,excelente,departamento,barrio_38,1033,8,1988,398380,60223,235825,157115,181490,63873,45320,59990,55810,46146,64320
633486,True,30,3,111623,muy bueno,PH,barrio_58,1016,6,2011,267824,75125,149958,148112,108314,52957,37015,49265,62979,59534,68824
924830,False,111,3,37980,bueno,departamento,barrio_24,1038,5,2008,386906,58748,297825,147848,72512,59892,52031,63616,64350,55961,58859
862896,False,118,2,10951,muy bueno,duplex,barrio_09,1017,9,2008,383723,62669,297139,132782,105747,71517,35219,63805,48970,56257,60218
964053,False,33,2,226749,bueno,departamento,barrio_24,1018,6,1979,249746,56947,140533,160877,72418,52915,36802,68253,55942,51987,52856
797659,False,135,2,49505,bueno,duplex,barrio_50,1035,2,1953,432222,62153,325280,141759,80625,72221,72272,47228,64589,39044,61433
168931,False,122,3,28026,bueno,casa,barrio_13,1025,12,2019,444324,59412,316520,135137,77386,78895,91936,68841,62083,59980,56947
120688,True,135,1,78034,bueno,PH,barrio_56,1034,5,2020,400128,81728,312366,148992,77895,57526,57607,36235,66393,66967,56397
315485,False,115,1,63694,regular,PH,barrio_35,1031,4,2010,386900,65706,275395,144643,59084,53993,89456,55423,64049,57460,56973
605411,True,118,1,103647,bueno,casa,barrio_36,1028,1,1983,414434,71748,279395,157171,70485,77762,58115,72313,68985,53366,57977
155720,True,113,1,21378,regular,casa,barrio_19,1009,6,1969,393408,74746,272056,131226,60765,75568,56474,61200,63665,43129,57835
168493,False,125,2,46853,bueno,PH,barrio_55,1015,12,1962,390563,59810,302282,146153,74386,52784,36387,62686,57701,37379,60039
974131,False,31,3,14063,muy bueno,PH,barrio_02,1034,2,1976,251802,50386,152392,130571,105728,49085,80146,40556,75444,45792,62614
247994,True,42,2,61887,excelente,PH,barrio_17,1024,3,1973,311225,76859,156740,151160,175954,52462,37650,45651,67205,43652,67137
517898,True,69,2,35655,regular,casa,barrio_25,1011,3,1969,285948,84123,212342,140899,58154,81234,48616,37627,64127,46073,66548
910000,True,90,1,45470,muy bueno,PH,barrio_28,1013,2,2017,389006,71770,234471,142696,101794,47918,71512,62101,64718,64722,55953
130598,False,109,2,32303,bueno,duplex,barrio_28,1031,8,1996,385374,61509,279449,144152,76983,69284,73159,56318,60781,54746,57301
368896,False,106,1,29709,regular,casa,barrio_08,1007,4,1965,347999,54147,263852,145074,61793,80094,56080,53202,69973,44999,57565
463089,True,134,3,18132,bueno,departamento,barrio_13,1004,10,1995,445302,73355,335264,129362,72906,57749,82553,65616,54487,54191,56718
270187,False,135,2,68346,regular,departamento,barrio_05,1030,5,2000,374490,57362,333403,150506,65037,63587,19141,67707,59698,51140,58364
870255,False,64,2,119583,bueno,duplex,barrio_34,1011,8,1987,282232,55530,201201,160506,74673,68769,72145,42227,52849,50303,56716
532742,False,103,3,23264,bueno,departamento,barrio_21,1030,2,2017,386892,61917,278733,150850,75536,59693,37393,66075,69186,58945,61462
323535,True,65,1,56547,bueno,departamento,barrio_33,1021,4,2018,245289,67391,187731,139054,79569,59075,40378,53865,68265,61707,52177
451441,False,88,2,51315,bueno,PH,barrio_35,1039,5,1980,333278,61174,240522,145411,71928,54156,89194,56802,60967,55439,59230
276874,True,106,2,36552,regular,casa,barrio_42,1020,1,1983,367280,71968,278510,150824,58606,80985,48264,66958,65841,45099,56759
820044,True,25,1,10708,bueno,duplex,barrio_32,1034,6,1965,187301,75670,115769,131343,74269,66596,44514,39782,56122,42136,60287
852139,True,179,1,12819,regular,duplex,barrio_38,1034,6,2005,464837,80577,394362,141781,62483,66899,45707,40159,65850,54732,62477
235535,True,115,1,19442,bueno,PH,barrio_35,1008,5,2016,434127,74438,281209,131831,76753,54763,88538,66961,62445,59758,53966
471235,False,74,1,6560,bueno,PH,barrio_39,1039,7,1996,275636,58024,206975,129987,71066,47888,80394,48069,50245,53743,56654
700529,True,162,3,112019,bueno,PH,barrio_36,1029,10,1964,498884,70296,389773,159937,76860,50969,56574,59539,49125,38583,57845
417809,True,83,1,48735,bueno,duplex,barrio_18,1004,10,1986,370787,72638,226922,147385,72971,71254,81551,72095,52104,51618,64885
693922,True,100,1,35455,regular,duplex,barrio_14,1000,1,2006,306910,72097,263261,145423,58469,62020,76016,38381,64982,56972,64565
570583,True,78,3,6297,excelente,departamento,barrio_47,1010,8,1952,394272,71486,233528,131081,181046,57913,65714,45300,51619,35484,58231
207393,False,153,2,8441,regular,departamento,barrio_20,1000,11,1991,397636,61096,359650,134372,59694,62611,61391,34697,58234,51480,60281
701551,True,91,3,36248,regular,PH,barrio_32,1014,11,1996,311062,71604,259214,141366,59357,51088,43787,56853,53422,53714,61471
261918,True,100,3,175675,regular,casa,barrio_11,1039,4,1988,414728,71161,273226,157880,61380,86677,81186,49082,64996,43684,61304
649136,False,137,1,20766,excelente,duplex,barrio_25,1019,10,1995,470333,57020,318378,130294,181588,66449,44085,54608,49748,46535,61004
373232,True,115,2,72478,muy bueno,duplex,barrio_31,1000,10,2013,419852,74816,284417,150078,103268,72955,46789,40613,53846,56414,56813
172100,False,93,1,24738,muy bueno,PH,barrio_37,1019,5,1958,313189,59246,240534,140086,106731,49630,42413,57837,63902,36943,73133
363414,False,134,2,37956,excelente,departamento,barrio_31,1008,11,1990,505226,54713,324389,144081,183135,60780,51081,70485,62636,51991,49138
389757,False,184,3,95966,regular,departamento,barrio_21,1034,8,2006,486975,53483,424284,148551,62767,56926,47451,42361,52908,58211,62421
631711,False,106,3,27536,excelente,departamento,barrio_57,1003,10,2008,525934,64950,284404,139604,181614,48232,103621,60422,51468,47852,56247
663350,True,99,3,20909,bueno,PH,barrio_30,1030,9,1983,396885,74264,276237,139766,71714,54268,115606,75660,50494,45378,55635
939526,False,101,1,112922,muy bueno,duplex,barrio_48,1017,10,2020,428797,64118,256546,152261,104741,71991,82750,67445,57156,58879,57672
645519,False,141,1,37663,bueno,PH,barrio_44,1000,12,1973,414281,63236,327720,143663,73977,53571,57001,35279,62265,34361,54171
321882,True,74,2,86939,bueno,duplex,barrio_33,1026,11,1981,328328,69273,213831,148566,76646,62970,38554,51580,55533,54201,60735
815891,False,85,1,20990,excelente,duplex,barrio_53,1018,6,2008,430501,60899,217404,136336,183278,69077,45394,66322,58339,57036,55727
684964,True,41,2,111898,regular,PH,barrio_07,1030,7,1981,257644,72514,156582,150616,55512,54326,54567,73922,53810,46928,63432
710989,False,54,3,45202,excelente,departamento,barrio_55,1024,8,1974,342929,56195,201136,146582,182183,70098,44922,44054,55873,46823,58852
672763,False,77,1,51422,bueno,PH,barrio_51,1031,11,1989,326822,58258,218505,143511,75992,53792,68305,61741,50834,51222,64783
509809,True,93,3,40348,muy bueno,departamento,barrio_30,1018,5,1994,439844,69511,263795,147872,102985,59817,106187,74415,65891,55692,56059
106475,False,157,3,24237,excelente,PH,barrio_44,1000,4,2018,585620,61221,376634,136465,179275,41237,62680,37336,70774,60594,62126
249934,False,114,3,36267,regular,duplex,barrio_31,1005,9,1993,392424,58185,299482,149929,57834,66355,55426,65621,53189,47378,62392
105437,False,63,1,25487,excelente,departamento,barrio_16,1018,12,1963,382447,58507,187018,144353,183385,61205,73723,62666,55359,43790,60082
725795,True,70,1,78248,muy bueno,PH,barrio_47,1015,11,1953,335426,73349,197291,149813,111590,39406,66583,70043,62989,38695,60725
719402,False,143,1,30870,muy bueno,casa,barrio_14,1031,2,2018,481598,58725,325202,139888,109576,77501,67880,61291,70510,52395,58321
615430,False,134,1,10969,regular,PH,barrio_18,1016,12,1980,380433,61246,312313,130240,61748,49383,86146,55322,60656,41820,66106
447780,True,96,1,9475,bueno,departamento,barrio_31,1034,10,1964,298346,74099,245744,128473,69865,57621,48433,37312,55675,48205,65869
147636,False,80,2,9124,muy bueno,departamento,barrio_50,1007,2,1965,344096,57565,233336,137505,111094,58601,63455,51596,65804,45451,63300
980195,False,134,1,59538,bueno,PH,barrio_23,1015,1,1957,396998,65431,315078,145991,80301,56054,56733,61326,58177,33799,64266
210561,False,60,1,14455,bueno,casa,barrio_29,1030,3,1964,286890,57993,181640,139620,71980,76531,73516,59794,64659,46000,51020
152992,False,109,3,46169,bueno,PH,barrio_02,1004,12,2005,404077,65101,289341,151711,76475,49146,79768,65408,60893,55632,61161
783184,True,175,3,40508,excelente,PH,barrio_06,1012,10,1996,579921,76812,417356,149613,172919,50949,65155,51454,48714,52117,59124
776142,False,102,3,34483,regular,departamento,barrio_03,1030,7,1992,374540,64846,281605,150818,61332,59155,89803,78087,55006,45431,57572
864185,False,68,1,51571,muy bueno,casa,barrio_04,1023,8,1950,242774,59518,194990,146813,103901,89777,10673,60167,59600,32186,56369
326683,True,109,2,41219,excelente,departamento,barrio_52,1031,5,1997,466404,72942,279763,148148,187914,55301,18143,59421,69090,50221,55024
789948,True,79,2,4156,regular,casa,barrio_50,1020,11,2018,325722,82253,221735,124118,63056,81179,68247,64699,55922,58459,57650
344562,True,46,1,28032,bueno,departamento,barrio_49,1034,2,2015,247638,74548,156941,140129,77721,60191,61008,38189,68935,53662,51144
335506,False,120,3,51026,muy bueno,PH,barrio_03,1035,4,1978,434142,62608,307997,147511,102206,57537,71081,53703,70494,42189,58713
656529,True,134,2,134892,regular,casa,barrio_04,1038,3,1992,417411,73708,325490,152994,62071,79935,10498,67690,65250,44232,68351
874931,False,84,3,139968,muy bueno,PH,barrio_16,1004,11,1971,344729,67744,247558,160338,109792,51478,69185,65347,56888,43821,67784
280291,False,82,1,12204,muy bueno,casa,barrio_33,1023,7,2013,348591,58642,215462,137932,103837,80127,37533,51118,56487,57672,56975
729507,False,61,2,27453,muy bueno,duplex,barrio_20,1004,9,2015,329740,53129,195847,142177,110122,71457,54682,75139,47712,60881,63726
792561,True,90,1,10375,bueno,PH,barrio_29,1009,12,1965,304591,72690,231447,132216,77009,56005,74503,56780,54422,36937,66836
231354,False,75,3,122505,muy bueno,departamento,barrio_10,1012,3,1984,377951,57412,236879,153895,108329,62004,85169,47001,71430,43834,60635
155733,True,60,2,81657,muy bueno,PH,barrio_43,1025,12,1966,341967,73772,193205,147676,109925,57566,61469,69994,61104,47059,53459
525673,False,161,1,48073,bueno,casa,barrio_18,1017,2,1993,509123,59214,368492,143196,76436,77457,78532,61460,68000,59467,59335
884510,True,111,1,41476,muy bueno,casa,barrio_03,1034,10,1970,422282,75382,277933,149141,107698,81116,82788,45175,54997,44317,62642
769503,False,115,2,109590,excelente,duplex,barrio_44,1011,9,1999,511722,63869,296252,152318,180952,72795,57371,44916,55390,54256,60754
720199,True,126,1,95708,muy bueno,duplex,barrio_54,1024,10,2019,436841,77250,303631,153191,102574,68725,45719,40585,54736,55353,57278
633247,True,122,1,91714,bueno,casa,barrio_00,1030,2,2011,448410,81567,289559,149148,75624,76571,72317,72725,65695,63887,64210
328784,False,81,3,52331,bueno,departamento,barrio_26,1039,12,1962,349125,59605,238875,138344,80136,56899,82246,50979,57305,43366,60285
892751,True,105,3,27464,regular,casa,barrio_49,1009,10,1959,355662,76738,285786,140477,61968,76133,57408,55338,48409,38521,62534
335944,False,86,2,67084,bueno,departamento,barrio_42,1029,2,2007,296885,50211,240153,141556,76093,60574,46160,68996,69866,54545,58236
655729,False,110,3,69761,regular,departamento,barrio_51,1003,7,1955,399439,66977,295177,147033,61659,56146,82216,65345,52880,41312,54544
316958,True,107,2,31179,excelente,departamento,barrio_24,1021,10,1978,461156,73467,278747,142402,182317,59428,42971,55716,46317,45629,56010
673476,True,82,1,27419,bueno,PH,barrio_22,1016,6,2020,346208,70756,223825,145042,74937,47915,85974,49393,62155,62060,52471
657105,False,48,3,89918,muy bueno,casa,barrio_42,1038,5,1981,319212,55939,185118,148959,103133,77423,44211,68973,66322,46103,72061
142279,False,100,1,137488,bueno,duplex,barrio_09,1030,4,1950,358024,60098,257611,155273,80544,69081,34392,74021,64004,36850,62674
338218,False,88,3,19940,bueno,PH,barrio_14,1037,7,2019,332015,59622,250301,136256,77297,53701,74245,49372,51841,57843,60936
368863,True,29,2,29416,bueno,duplex,barrio_36,1034,12,2000,225824,79663,137305,140117,67544,66898,54977,43358,61205,52021,63506
464682,False,113,1,48086,bueno,casa,barrio_40,1016,8,1973,401322,62589,274644,148382,78654,82640,79061,53037,54393,40809,63608
544276,True,129,1,53599,muy bueno,PH,barrio_07,1029,9,1993,429264,76396,303229,146182,105509,52988,57995,63406,47217,55165,62090
546532,False,183,3,23911,excelente,duplex,barrio_30,1001,10,1993,660024,62683,426544,144799,176937,75372,107064,54112,46639,47182,69760
370023,False,81,3,163868,excelente,casa,barrio_21,1022,10,1989,456104,60748,244221,158936,172907,72189,47000,54386,49662,48961,50260
622238,False,76,2,50903,bueno,duplex,barrio_30,1001,5,2018,373072,61148,221310,149210,70681,71063,114681,54122,63139,58073,55760
683339,True,56,1,55554,muy bueno,departamento,barrio_57,1028,10,2005,333328,76188,173036,148457,105818,62548,91042,65262,53159,53560,56706
423857,True,102,3,148317,regular,duplex,barrio_04,1038,4,1968,365464,79789,291185,153261,67807,73406,9058,70804,73953,42574,65678
777769,True,102,3,25355,excelente,departamento,barrio_59,1027,8,2020,499885,76105,282300,139955,177416,61891,88417,68342,55470,58404,52326
239719,True,67,2,33835,bueno,duplex,barrio_26,1033,4,2018,338993,71706,203661,143570,69134,67071,73303,60570,67537,59508,62135
196390,True,89,2,13324,bueno,casa,barrio_46,1009,12,1953,360648,71896,253199,142772,80918,82053,80301,57113,58818,39086,63223
905336,False,26,3,31638,bueno,departamento,barrio_25,1039,9,1971,184969,54417,137978,146008,71715,62225,46175,57431,57802,49543,52837
142110,True,127,2,11035,regular,departamento,barrio_18,1022,8,1993,382681,76125,308511,136851,60459,63333,83457,55237,51492,55055,53166
625387,True,68,1,66057,bueno,casa,barrio_46,1026,6,2012,363426,72735,188700,154092,75257,83330,90617,60785,61790,56037,59689
451602,False,94,1,50818,excelente,departamento,barrio_41,1030,7,2000,472982,64564,244252,146081,176422,59255,74613,73389,58827,53204,58965
359123,True,45,2,29096,muy bueno,departamento,barrio_08,1025,10,1990,282990,73017,165036,148128,113904,62761,63262,64461,53693,46694,63399
167198,True,75,3,33512,excelente,casa,barrio_42,1012,4,1971,390232,73438,231851,143295,180641,79198,45962,47974,64932,43936,63407
836722,False,85,3,66781,regular,PH,barrio_45,1024,10,1956,261853,58499,246349,146727,61794,49063,68585,44457,52640,40958,55714
227470,True,95,2,14638,muy bueno,PH,barrio_23,1026,4,2013,369146,76501,250869,136788,104459,56623,60603,62790,72481,56502,57603
128274,True,112,1,42759,bueno,duplex,barrio_55,1034,2,1987,334466,83726,270718,149324,78715,73552,38210,45240,73953,41535,55030
584668,False,145,2,63552,bueno,PH,barrio_38,1019,9,1982,415241,57496,337133,150966,74715,52859,33051,52872,49821,42789,60728
975664,True,121,1,8727,bueno,casa,barrio_20,1020,9,2019,392469,79071,288574,131726,71158,73133,50181,57202,53790,63406,66603
376590,True,129,2,62815,bueno,casa,barrio_00,1020,5,1961,454153,75149,314282,147253,77992,83496,65632,68606,58817,35247,61722
194008,True,146,2,9516,muy bueno,departamento,barrio_40,1004,8,1968,483110,80764,344722,131334,103028,58235,81113,68379,50231,46518,60198
984332,True,115,3,33055,bueno,departamento,barrio_12,1003,9,2010,410814,76336,298047,140296,80757,59952,57132,65497,49559,51769,57223
287050,False,94,3,14318,bueno,casa,barrio_45,1000,10,1970,321217,65257,260882,130876,67646,82412,56397,33841,57543,40233,57326
261004,True,130,3,114119,muy bueno,duplex,barrio_31,1026,12,2016,447192,74862,333215,157085,95820,78523,54641,53993,51867,59108,52315
158023,True,133,1,14390,regular,PH,barrio_28,1016,11,2010,387231,75387,310156,135095,61675,52744,63403,53905,50577,56534,65077
560041,True,118,3,9700,excelente,PH,barrio_09,1034,6,1957,466037,84578,303587,134431,185094,55573,35757,39349,63196,39475,62944
916031,False,44,1,40404,bueno,casa,barrio_42,1028,3,1982,280609,57543,155629,147878,73248,76868,44584,74297,74599,45549,56871
123422,True,66,2,26083,muy bueno,duplex,barrio_09,1005,2,2003,337526,72466,201347,141574,109844,72173,40217,66068,64778,56734,65592
457645,False,85,3,10898,muy bueno,casa,barrio_25,1004,7,1984,375300,61824,248179,137806,105284,80221,50799,66375,59186,47252,63024
149456,True,122,3,55307,muy bueno,departamento,barrio_50,1014,8,1965,431021,75662,316795,147271,106969,63361,68642,66730,53949,42226,57510
451549,False,94,2,7382,muy bueno,departamento,barrio_55,1036,9,1953,334681,56404,255027,128933,106226,56448,40704,47341,45393,45314,60461
581767,True,135,1,15851,excelente,duplex,barrio_59,1001,1,1950,549613,75409,319675,140937,186193,64713,83073,56614,60141,38910,56981
437804,True,141,2,22921,muy bueno,departamento,barrio_57,1007,9,1962,482959,77946,339106,138823,102991,60637,102504,53429,62350,46513,58142
321423,True,137,3,68994,bueno,casa,barrio_33,1001,10,1968,435256,80342,334994,148130,80019,78333,35024,54651,47321,45336,63541
542688,True,137,2,102373,regular,departamento,barrio_12,1016,9,1971,404196,74210,324369,149150,59969,66913,62575,54837,49437,40693,49260
599535,False,59,2,87748,muy bueno,departamento,barrio_50,1039,7,2010,301722,59999,183402,149693,107216,57952,62705,56761,61450,54514,62956
904678,False,112,2,32125,regular,casa,barrio_48,1027,1,1986,383540,64705,286020,138246,68966,78281,73356,63826,55448,49737,57325
662995,False,74,2,5209,bueno,casa,barrio_59,1019,6,1960,338370,50912,214871,132734,72805,79278,80103,58518,62648,35963,59865
873123,True,37,1,49646,regular,casa,barrio_39,1005,8,1955,228989,73972,140510,151022,56781,84964,68545,68658,56485,45204,61157
350324,False,85,3,117766,bueno,departamento,barrio_08,1014,7,1959,323605,68827,248774,151310,72393,58336,60207,63087,55588,36875,58125
875303,True,141,1,97444,bueno,departamento,barrio_30,1020,7,1972,519812,84985,326316,150631,82804,55977,112069,56215,51012,44017,58004
605296,False,111,3,52594,muy bueno,departamento,barrio_26,1010,7,2002,397666,57178,292174,151736,106975,62276,70392,45457,54331,50805,62927
449110,False,166,1,14022,muy bueno,PH,barrio_50,1028,7,1953,504041,63158,375313,135839,98894,48508,65232,64723,59308,43216,62690
257936,False,101,2,23855,muy bueno,casa,barrio_23,1039,4,1978,421082,57472,263680,146404,104974,71342,55246,55385,65294,44833,64210
825381,False,181,2,170596,bueno,duplex,barrio_19,1008,8,1981,550694,59158,410253,153956,76054,65833,62368,66172,52193,46870,55825
461242,False,101,2,11691,bueno,duplex,barrio_04,1010,4,1960,283034,56233,262390,130047,78776,71763,10367,47960,72320,41851,57417
517760,False,96,2,14497,muy bueno,casa,barrio_50,1005,6,1954,408298,49360,257281,132843,99903,86985,71676,66415,64375,45746,64685
261659,True,50,3,77191,bueno,departamento,barrio_45,1029,5,1966,276220,75640,188005,146344,79841,64503,67759,70325,60299,46921,59359
641637,False,134,1,25721,muy bueno,casa,barrio_02,1018,9,1960,459211,59116,307510,133731,110142,79200,78636,62666,51054,35247,55840
176876,True,77,3,14109,bueno,departamento,barrio_26,1011,11,2006,312648,87239,234116,142415,74146,56670,70820,48951,56793,49545,64822
711784,True,72,3,123300,excelente,departamento,barrio_28,1008,8,2015,461572,69759,221921,153492,177912,56033,77888,69669,46732,60127,68418
815181,False,140,3,52515,regular,casa,barrio_28,1002,2,1994,469921,57882,343453,157245,56632,82684,69865,62755,74183,51760,64006
313195,True,136,1,26757,muy bueno,casa,barrio_55,1019,9,2003,453272,70847,320977,142781,106378,82333,39345,57279,57659,54115,55313
647264,False,135,1,14521,muy bueno,departamento,barrio_09,1027,4,2004,423739,55508,315353,143282,100812,54441,33281,60498,71981,54794,51447
689970,True,82,2,186825,bueno,PH,barrio_18,1009,1,2012,344012,70949,231490,158989,71545,54723,81527,50776,62125,57419,62732
812297,True,93,1,35612,muy bueno,departamento,barrio_10,1000,3,1956,384903,73135,236492,135846,106452,63675,79418,34658,78715,41086,63852
204246,False,93,3,111064,regular,duplex,barrio_14,1018,12,2020,396816,63576,266718,156388,62648,70694,76513,70561,58841,54542,62322
952548,True,122,3,74229,muy bueno,departamento,barrio_54,1027,6,1982,455554,80192,323379,149969,94504,61879,49422,61158,64442,55423,61078
879317,False,149,2,23939,muy bueno,duplex,barrio_56,1013,3,1988,486733,59977,346600,136774,97929,66866,58560,69996,79121,58258,60073
739524,False,108,3,24092,regular,casa,barrio_02,1010,2,2006,413352,58856,291999,133618,54246,81873,77597,43853,64646,49995,60030
117756,False,164,1,115503,regular,PH,barrio_37,1006,8,1985,372398,53853,372691,150882,51916,49827,34422,50229,43568,49568,56349
772499,True,126,3,117010,muy bueno,duplex,barrio_13,1029,10,1968,494162,69834,320476,159571,109429,70478,96372,74179,49693,44814,59244
458770,False,87,1,8091,bueno,casa,barrio_11,1034,5,1951,310642,59439,228919,130986,67732,76596,72454,39234,63843,36786,57952
713971,True,124,3,56377,excelente,duplex,barrio_17,1030,2,1962,535325,73349,322093,148824,173630,71738,34762,75353,67701,43042,57048
371285,True,155,2,32959,muy bueno,departamento,barrio_11,1020,5,1955,525735,84013,367196,150522,95982,51910,80295,67183,65904,26715,63622
777333,True,165,2,15888,muy bueno,departamento,barrio_29,1028,8,1977,506014,73889,383422,133386,108426,59903,65648,63332,53337,45924,63241
579187,True,137,1,44775,bueno,PH,barrio_59,1015,2,2005,481584,61512,315672,149002,81852,47188,80949,68364,73419,53515,59641
151924,True,96,2,12337,muy bueno,PH,barrio_35,1000,4,1973,377940,65173,253333,134799,109591,48274,86050,34325,69456,43508,58109
675705,True,87,3,25005,excelente,casa,barrio_43,1014,1,1992,478543,81990,256240,144289,182819,80785,73733,52691,63984,50555,55819
449840,True,115,3,19172,regular,duplex,barrio_29,1028,6,1963,417614,69619,300159,138266,65856,69442,60241,68847,56963,46927,61307
451206,False,154,2,24347,bueno,PH,barrio_00,1025,3,1991,445899,65677,366170,144301,69802,48509,70649,74232,71458,56202,63352
203978,True,110,1,34297,bueno,duplex,barrio_05,1039,3,2017,359524,67026,276298,147485,77686,78499,26072,60061,67353,58869,61579
578561,True,111,2,16116,bueno,departamento,barrio_16,1039,2,1972,399019,70530,287236,133846,78372,56655,67053,45611,68891,45165,56233
872456,True,97,3,127841,muy bueno,PH,barrio_14,1009,9,1984,404818,79836,271236,148907,108848,55349,80125,58642,45839,45198,57515
154166,True,84,1,53886,bueno,departamento,barrio_50,1000,6,2018,323687,73472,225315,149100,79413,58272,76831,44262,53747,63807,60340
284350,False,89,3,152611,muy bueno,duplex,barrio_50,1010,12,1993,398920,53213,254364,158833,97608,67222,55357,45343,59966,56437,67512
238943,False,100,3,31950,bueno,duplex,barrio_51,1035,5,1978,373949,61610,273320,140780,81498,65545,71502,46985,64262,47059,62390
337386,False,155,3,23411,regular,duplex,barrio_38,1032,3,1958,463064,50794,375841,141483,62610,72177,38238,52483,69024,33876,59632
492154,False,87,2,148261,bueno,PH,barrio_33,1003,3,2016,341925,57860,236846,151535,70312,58699,41693,65578,64643,49772,59976
595885,True,97,1,22869,excelente,duplex,barrio_38,1006,12,1993,455659,81346,246190,133313,184303,68004,38199,53134,50227,54790,54618
742866,False,65,1,31488,muy bueno,departamento,barrio_24,1022,8,1954,292031,58929,182371,148062,105958,58584,50183,56925,51972,39452,48921
141082,True,120,3,64604,bueno,departamento,barrio_40,1026,4,1989,421971,71815,310602,144840,79081,63511,81019,52423,62867,49932,60535
521458,True,143,2,13492,muy bueno,duplex,barrio_47,1039,8,2018,469398,80749,349783,141412,104439,72252,66481,48102,55277,65767,55224
861121,True,152,1,64154,regular,casa,barrio_45,1030,7,2016,462065,72036,342888,154826,57634,73121,57920,66711,52548,56460,50772
408994,True,102,3,57912,bueno,PH,barrio_36,1008,2,1963,363383,80365,282720,142412,76565,54183,57517,76587,66527,52552,58342
654839,False,115,1,100254,bueno,casa,barrio_03,1001,9,1979,413596,62432,277533,156773,75601,76353,77852,48159,56908,45899,59586
110398,True,90,3,74016,excelente,PH,barrio_43,1025,2,2020,506935,78411,256656,150853,175423,59463,67355,63215,66213,61753,65132
626091,True,113,2,102743,muy bueno,departamento,barrio_21,1022,3,2005,426873,73479,286772,146587,104075,64218,49078,55590,74769,56450,68098
266227,True,106,2,33245,muy bueno,departamento,barrio_44,1036,9,1989,396998,76701,275753,143888,103415,65791,62789,45106,49361,43089,62746
416382,False,97,1,18213,regular,departamento,barrio_32,1023,6,1971,304814,61239,244618,141251,60804,61222,43693,60189,62181,45439,54624
769053,False,100,1,196416,bueno,departamento,barrio_52,1020,3,2004,336951,58477,252664,152315,72153,58560,23582,66095,69360,51757,57528
662891,False,111,3,10707,muy bueno,departamento,barrio_20,1012,1,1991,383346,65593,292619,139554,102069,68527,57710,47930,64007,50899,62552
391343,False,85,2,11600,bueno,departamento,barrio_55,1003,8,1987,288885,56410,234241,140810,66185,58365,47074,62032,50976,48733,59072
917288,False,87,3,57074,excelente,PH,barrio_50,1035,9,2015,419447,61980,257018,150510,184078,53234,68955,51523,57762,59939,69259
822819,True,155,3,133251,muy bueno,duplex,barrio_19,1033,3,1976,531470,70026,372332,154397,109547,72340,53788,58357,71187,47612,59632
824043,True,190,1,42262,bueno,PH,barrio_28,1006,5,1994,514828,77321,409689,145508,83101,47842,68217,61543,62693,49079,62162
625203,True,53,2,80777,muy bueno,PH,barrio_31,1028,5,1953,305234,77931,179606,153339,108977,44595,51907,69945,67571,37918,55803
688996,True,51,3,7357,excelente,duplex,barrio_46,1014,11,2000,424677,66337,184136,140872,184161,74471,76901,68370,52000,57805,60512
704329,False,61,2,24352,bueno,duplex,barrio_41,1017,10,1988,293770,57300,193332,145215,77273,74467,74502,62314,52085,51308,60542
171441,True,91,2,8110,muy bueno,casa,barrio_51,1033,4,2012,421253,81977,246078,131798,106114,76170,68658,61404,63617,53587,55751
164000,True,126,2,67801,excelente,PH,barrio_22,1033,7,1973,539449,77071,311212,144522,183227,49323,93781,61478,55905,41335,64672
225477,False,116,3,10532,bueno,casa,barrio_30,1007,12,2015,460990,58940,314364,134711,71759,76184,115385,47776,61939,53383,54585
795969,True,101,3,13066,excelente,casa,barrio_25,1012,5,1990,478931,75958,274556,128365,184858,81529,57683,35890,63170,53658,58199
164126,True,114,3,54788,regular,duplex,barrio_54,1032,2,1964,385269,73602,301413,138997,66727,67989,42096,47657,63362,48610,61852
761699,True,71,2,84920,muy bueno,casa,barrio_18,1036,4,1961,388370,72607,208730,147058,103903,87484,77527,43523,66563,37529,58641
101540,False,86,2,31979,muy bueno,duplex,barrio_35,1003,8,1963,403784,62870,236800,139651,107562,68033,87399,63540,47236,45800,70754
424606,True,94,2,57305,muy bueno,duplex,barrio_07,1033,12,1971,401789,79886,253005,145727,99965,70265,54477,64915,57996,44183,60587
580242,True,40,1,55839,bueno,duplex,barrio_51,1019,4,1989,288778,79384,141801,150987,72880,70896,80315,59362,67462,50781,57214
589093,True,54,3,30566,muy bueno,PH,barrio_23,1023,1,2011,344209,73896,197230,142889,107032,52334,66134,56045,55187,60640,61070
826713,False,56,1,15127,bueno,duplex,barrio_20,1003,3,2020,275270,61880,173607,137959,76036,79288,59043,59471,74167,62411,63679
335097,True,122,3,57063,bueno,casa,barrio_34,1027,5,1998,468395,71423,313083,150987,80190,77609,75373,64934,58986,59774,66780
843297,True,104,2,59307,bueno,duplex,barrio_29,1027,2,1984,444486,74690,269948,140976,76345,71084,63001,56999,62952,46208,60757
547479,False,116,3,74252,muy bueno,casa,barrio_50,1026,1,1993,436626,55941,305315,149383,104086,81524,70807,57035,64223,50601,53246
265939,False,31,3,46614,bueno,departamento,barrio_31,1031,8,1973,234918,64474,148569,143190,73171,63752,48852,59368,53586,48108,58016
641619,True,43,2,14260,bueno,casa,barrio_31,1037,10,1967,227641,75823,163310,145190,80901,82002,50350,44040,50017,38244,62962
259673,True,118,2,63087,excelente,departamento,barrio_06,1033,3,1988,516450,74403,303484,155929,181140,60947,61680,64189,74621,47283,60391
245597,True,25,2,36275,bueno,PH,barrio_01,1029,7,2008,253243,75481,128218,143739,75305,54351,31915,61307,51154,55470,68845
590080,False,138,2,24682,bueno,departamento,barrio_23,1039,7,1954,398544,59889,331747,142451,78350,59350,47626,51617,56800,39776,55953
112102,True,31,1,28690,bueno,duplex,barrio_59,1026,9,1957,222014,75532,123583,142033,75790,69656,82495,55623,50466,44479,60280
518150,False,125,1,20906,bueno,PH,barrio_55,1026,12,1962,331294,61023,302979,132365,71383,46978,43707,55316,63161,39326,54173
775659,False,64,3,73945,muy bueno,PH,barrio_37,1021,11,1964,278757,52294,210962,151355,105509,46249,38234,51862,55971,41127,54925
305997,False,132,3,11679,bueno,duplex,barrio_37,1030,4,1960,412235,63155,331178,137697,68465,71710,41013,66105,65488,40102,60646
348599,True,207,1,16403,regular,departamento,barrio_23,1002,12,1959,499062,77809,451110,135537,61373,58141,53057,55422,68250,37437,67652
584124,False,25,1,27917,excelente,departamento,barrio_10,1020,1,1951,304687,58937,119727,146309,179580,60854,86858,68179,59396,39157,58111
877076,False,119,2,132059,muy bueno,duplex,barrio_00,1017,12,1974,463178,59842,297912,155077,100416,69643,68428,66161,64203,42861,60096
904886,False,32,3,84409,muy bueno,PH,barrio_20,1036,2,2001,298566,57658,149861,153392,97858,49891,54601,44677,78003,48528,55905
310824,True,110,3,9772,excelente,PH,barrio_18,1002,2,1961,527681,73732,291027,136809,178409,45869,84967,59390,68677,48961,61311
911044,False,88,3,107053,excelente,departamento,barrio_11,1025,2,1973,465058,56969,257045,153543,177383,64534,81920,65413,72043,43628,51207
982799,False,100,1,106888,bueno,casa,barrio_15,1007,2,2019,376945,59958,252953,156907,75989,75182,36087,49695,69387,60358,65610
275498,False,63,1,14197,muy bueno,casa,barrio_01,1035,6,1961,283910,55366,189367,133004,110344,81818,39456,45843,52168,38192,54727
447525,False,122,2,4831,muy bueno,casa,barrio_36,1034,8,2020,388598,59094,304886,125482,100666,70829,50658,38017,54938,58710,58129
385891,True,44,1,34277,bueno,casa,barrio_55,1009,9,1986,250341,71878,145499,143577,76808,83603,45573,57236,52557,47274,55891
459199,True,138,2,89138,bueno,PH,barrio_41,1034,1,2001,445763,74792,331968,149119,73078,47328,68333,36068,58417,59776,55191
635942,False,81,2,129704,regular,casa,barrio_26,1019,4,1972,324325,60230,235403,157233,65079,81196,71743,60347,69062,45524,56158
718856,False,46,3,18094,muy bueno,PH,barrio_25,1038,2,1973,308379,56487,172271,140336,113394,49338,51007,64849,70176,41462,58639
597906,False,151,1,147500,muy bueno,duplex,barrio_18,1029,2,1977,526360,64709,347349,151330,105898,71501,88882,64230,62186,42590,55907
138569,True,93,3,6110,muy bueno,duplex,barrio_08,1001,9,1959,358877,70434,263073,129418,103911,66738,64969,50574,55696,42695,59225
247564,True,162,3,27053,bueno,departamento,barrio_35,1008,8,1972,529171,81191,384282,145596,75231,57670,85457,69973,54998,44954,59079
277346,False,138,3,26010,bueno,casa,barrio_33,1016,3,2013,425284,53894,345620,144217,75230,78425,43778,50247,66187,58020,58637
786629,False,67,3,91297,bueno,duplex,barrio_00,1008,4,1950,357632,63642,218012,147774,75190,69275,65426,67263,77116,40476,60424
323286,True,92,3,102605,bueno,casa,barrio_24,1005,12,1990,382831,75452,264542,147704,74962,75484,43933,62937,55700,44162,61799
184354,True,99,1,77915,excelente,PH,barrio_16,1039,7,1998,433366,73145,254096,151070,182286,48743,69266,42688,53247,52635,63184
346611,False,148,2,12327,excelente,PH,barrio_10,1034,3,1960,529483,60962,345447,129201,184111,49345,82684,44347,62661,34327,55833
744389,True,110,2,72410,excelente,casa,barrio_42,1017,12,1957,501279,73389,284756,149463,178247,77574,42961,55171,59639,36986,57623
459629,True,101,3,54570,excelente,PH,barrio_31,1008,3,1989,471624,80201,269604,143037,177783,52430,50679,66827,68307,51445,59204
144500,True,88,1,9538,excelente,casa,barrio_38,1007,4,1965,401887,76761,231249,135913,180476,79270,41609,48232,70684,41987,55236
970188,True,93,2,6949,bueno,casa,barrio_42,1036,9,2019,306190,76247,250776,132279,77216,79121,41696,53903,52332,57996,58301
826025,True,141,1,83316,regular,duplex,barrio_58,1013,7,1963,409176,76826,334776,150561,61081,67372,38699,63044,55909,36979,60032
916342,False,95,1,31443,regular,duplex,barrio_48,1000,1,1959,317492,57180,243729,142794,65277,68611,77377,39106,63351,37298,59678
397904,False,81,3,12989,bueno,departamento,barrio_37,1015,10,1973,296699,57140,240761,140882,69658,57119,42365,71211,48143,42351,65453
283037,False,75,1,30744,bueno,duplex,barrio_52,1018,3,1973,304008,60141,209690,139147,73528,77128,23739,62206,67554,50027,64522
666365,False,76,3,48593,bueno,duplex,barrio_28,1024,9,1961,328040,62550,231963,153252,66398,65622,66464,46379,46304,41870,61370
941451,True,46,3,33987,excelente,duplex,barrio_59,1013,5,1997,417775,74645,179214,146143,181033,74243,86433,66121,60193,49967,61927
291489,True,69,3,10492,bueno,casa,barrio_45,1036,10,1974,317227,70923,225375,135840,80950,86198,67810,47925,47414,50340,62433
481339,True,147,1,164135,excelente,departamento,barrio_39,1025,11,1987,606873,78274,334572,155902,181742,62331,69664,69935,56043,49849,60553
887086,True,88,1,81095,muy bueno,PH,barrio_54,1039,10,1967,310488,80808,237578,154669,103898,49395,46201,48932,56425,40958,55013
204176,False,120,2,27770,muy bueno,duplex,barrio_30,1014,12,1956,482189,57541,298629,148699,105131,63703,118408,59149,63513,41536,60761
989864,True,25,2,28679,muy bueno,duplex,barrio_43,1026,7,1954,257532,76147,130280,140448,108086,70195,68199,55407,52501,37144,58238
153013,False,115,3,48416,bueno,departamento,barrio_17,1014,1,1953,336659,59395,302328,147822,74928,59739,31249,61648,59371,36978,58366
366431,True,89,2,14710,muy bueno,casa,barrio_57,1027,7,2011,411020,83237,243281,139696,106238,78863,100815,58632,62311,57588,70891
561794,True,78,1,47011,bueno,duplex,barrio_37,1029,6,1968,308247,71938,213003,144109,76794,67388,42794,64591,62932,46509,64146
867104,True,101,3,12524,excelente,departamento,barrio_46,1012,9,1971,462777,76181,278130,140868,181374,64638,79340,44635,54487,41106,71820
870745,True,78,3,34323,bueno,departamento,barrio_27,1037,3,1991,332613,76447,241358,141574,79682,68136,66728,47146,66337,51814,66712
494871,False,25,2,14259,bueno,duplex,barrio_52,1034,9,1956,148090,58171,133051,139454,65687,66307,30880,44274,47117,38843,55348
566271,False,127,3,14847,muy bueno,PH,barrio_04,1035,6,1992,359769,60597,332039,139129,108371,48210,9674,51865,65454,54999,63185
573074,True,104,3,135480,muy bueno,departamento,barrio_06,1008,9,1987,432657,83893,286806,149218,102161,59061,61324,68097,59549,47281,54627
402437,False,84,2,38078,bueno,casa,barrio_30,1028,6,2006,424475,55541,232011,147926,77862,78041,110430,66776,57949,57278,63583
626992,False,61,1,42870,muy bueno,departamento,barrio_43,1004,5,1958,293915,60450,180750,143596,108446,53134,67308,69994,65089,42206,68418
164567,True,44,2,7266,bueno,duplex,barrio_48,1004,3,1951,258523,71688,163164,129222,73722,72378,86167,61390,69488,40514,53657
741588,True,103,2,22525,muy bueno,departamento,barrio_26,1038,10,2004,412158,69254,266329,135344,106173,63502,68876,62275,49292,57841,59443
717343,True,151,3,52521,bueno,PH,barrio_38,1006,1,1976,437564,68026,366225,145385,68547,44892,35728,53654,65871,45481,56224
217720,True,102,3,42417,bueno,departamento,barrio_33,1034,3,1954,343314,72006,277250,145587,74118,53582,38122,42676,67033,40878,62771
843931,False,47,2,6482,bueno,duplex,barrio_57,1017,6,1989,306290,60190,168592,127424,74250,66082,94195,55816,59180,49090,62522
796244,True,103,2,42861,bueno,duplex,barrio_39,1012,2,1982,384983,76937,274487,143748,73706,69069,81380,43613,62605,57152,63483
919133,True,93,2,48691,bueno,PH,barrio_25,1002,12,2017,367103,68931,252158,142474,80970,57742,47210,62177,60126,56099,67008
217549,False,125,2,101418,bueno,duplex,barrio_58,1027,5,2017,443784,61719,309382,150888,72558,73075,40023,53462,67110,58880,64198
490663,True,116,2,21500,bueno,PH,barrio_06,1028,3,1988,415663,72045,293584,143261,78168,48473,62775,67652,64033,50112,58030
130531,False,25,2,6041,bueno,departamento,barrio_59,1018,4,1961,271478,56562,128318,126991,69814,58936,92075,66274,68839,44005,60793
809292,True,114,2,16360,bueno,PH,barrio_09,1032,3,2003,356735,80901,282105,141171,81270,51026,35541,56317,63968,47724,51348
251201,True,60,3,15098,regular,duplex,barrio_17,1012,8,1964,268977,82162,204633,139474,60955,68805,35252,53630,53098,49509,68034
417253,True,45,1,65471,muy bueno,duplex,barrio_49,1022,6,2009,293310,78049,153092,149135,103955,68360,65004,52830,65480,58786,57994
650852,True,88,1,4132,excelente,casa,barrio_44,1011,3,1992,455767,76142,227542,120420,183189,82785,61756,43942,73181,46525,62281
366441,True,109,3,25370,bueno,PH,barrio_58,1023,11,1975,326298,76988,286135,137788,73182,48092,39776,56237,57021,42027,61529
822435,False,38,3,113622,excelente,casa,barrio_44,1005,8,2019,398857,55845,163352,146976,180057,75158,67111,65147,49407,55949,61005
557166,False,120,2,36526,regular,PH,barrio_38,1019,5,1986,325579,61701,296233,141686,58673,40878,35487,54736,66420,46910,58545
242157,False,122,2,74388,regular,PH,barrio_20,1021,7,1977,330713,64229,300770,151437,57115,53021,53264,54635,45996,51825,52245
609373,True,97,2,9765,muy bueno,departamento,barrio_00,1022,8,1963,366355,70160,259179,132725,107710,56677,69894,57250,55572,39537,59194
596118,False,65,2,10081,muy bueno,duplex,barrio_07,1017,2,1996,288254,56990,203007,134652,104815,67698,52613,57593,73985,54902,63741
410755,True,61,1,114668,muy bueno,duplex,barrio_17,1025,10,1969,283768,72139,183175,151142,101537,72916,26590,66063,55019,42387,60712
894678,False,131,2,39378,regular,casa,barrio_02,1020,4,1960,445555,64244,320695,140859,58151,82702,72985,66663,70763,39171,54333
286247,False,42,1,39443,muy bueno,casa,barrio_30,1011,1,1958,316355,61123,153325,145323,103785,77683,117541,41308,62691,38042,59469
248723,False,132,1,14846,bueno,casa,barrio_46,1008,7,1995,412941,54376,304692,134172,70438,75529,86689,71223,63081,54784,61438
510239,True,89,2,39365,bueno,duplex,barrio_57,1025,11,2015,433977,75793,246429,145285,75620,72652,104747,65601,54519,59788,48622
364750,False,92,3,14520,bueno,PH,barrio_29,1037,9,1967,361058,61051,261090,138359,69255,49919,65743,49496,44476,37662,57722
971260,False,35,1,93854,excelente,PH,barrio_52,1030,4,1965,288240,58319,137554,156888,183947,52719,19146,70422,63940,47240,50954
216970,True,90,3,321986,regular,duplex,barrio_59,1025,5,1993,407854,75221,257149,164070,50954,71986,79801,57316,68310,46026,62688
121976,False,116,2,53485,muy bueno,duplex,barrio_51,1036,8,1960,408740,63609,286476,146975,109910,70768,70932,47100,47538,37768,66919
393760,True,48,3,21852,muy bueno,casa,barrio_27,1035,3,1956,300061,83421,177350,135132,108967,80596,70134,41567,70653,41045,56346
107820,True,112,2,4784,muy bueno,casa,barrio_19,1020,10,1995,457524,69125,280144,125960,108879,76234,57360,59772,54831,55904,65185
856855,False,98,3,9437,muy bueno,departamento,barrio_58,1004,4,1987,374114,60177,269701,132368,114718,56168,46789,67494,68570,45539,52834
680351,False,72,2,125981,excelente,departamento,barrio_14,1025,3,1952,416283,67537,219479,147751,175725,65051,77559,67925,69915,28233,61426
106844,True,125,3,15941,bueno,PH,barrio_24,1024,2,1966,386529,71703,319181,138997,74039,48709,49619,46287,62332,39499,61610
627847,True,25,2,26993,regular,casa,barrio_04,1011,9,1964,152887,71196,131824,146062,63603,79082,12950,40448,44681,39765,58605
751540,True,107,2,61344,muy bueno,departamento,barrio_47,1033,1,1998,415720,74135,279676,146301,104591,67852,67256,63553,70323,48590,59245
290044,True,152,2,118875,bueno,casa,barrio_38,1034,10,1997,456517,72681,357615,161407,78602,81426,37939,40094,53055,47223,62976
550708,True,145,3,30956,regular,casa,barrio_05,1013,12,2003,430076,78227,356606,147740,56643,89275,30012,65940,64710,55755,58446
845958,True,109,3,26272,bueno,casa,barrio_13,1019,2,1957,416920,72620,300139,136755,75478,79522,88829,56087,60205,40938,65557
791780,False,84,1,38457,bueno,casa,barrio_33,1007,2,2010,288050,61376,221498,142276,78464,78693,42549,48052,72336,63000,60481
586552,True,73,3,21980,regular,PH,barrio_32,1007,12,1964,276233,73953,226273,139979,53231,49595,55078,52521,55111,43327,59638
478486,True,84,3,22947,regular,departamento,barrio_48,1010,2,2020,350891,76024,243924,138679,59498,61671,69390,47792,68800,53871,60144
206464,True,114,3,50489,excelente,departamento,barrio_15,1014,5,2011,512759,82940,301191,151050,179616,59743,27320,62550,64303,59246,54057
768056,True,67,2,42118,bueno,departamento,barrio_55,1010,11,1982,254975,72218,206120,153491,84419,62069,43010,44181,59464,44334,59181
835584,True,122,2,199842,excelente,PH,barrio_26,1006,2,2005,498252,84146,298196,154981,182787,52080,71518,51672,68563,54423,59744
331400,True,170,3,51590,excelente,duplex,barrio_49,1017,8,1997,637871,80427,402668,154090,183463,67911,61855,64169,55108,45659,57668
832741,True,93,2,91210,regular,PH,barrio_14,1024,5,2004,326058,69465,254816,149990,60603,50060,69864,45753,61702,49442,60665
553543,True,48,2,15413,muy bueno,PH,barrio_02,1013,6,1951,281244,72621,170891,142255,102148,46223,83714,68564,52691,38631,58696
741931,False,48,2,55278,muy bueno,PH,barrio_03,1021,12,1955,288560,61031,172405,149507,102569,60605,90301,54432,62306,40226,66204
452104,False,122,2,20366,muy bueno,PH,barrio_22,1010,8,2014,427641,62985,307114,145595,103089,54095,94089,43189,49602,53648,65968
923150,True,93,1,49830,regular,casa,barrio_57,1028,4,2005,391019,78005,240068,139600,60493,80520,97160,77402,64691,46764,53322
840443,True,126,1,62995,bueno,duplex,barrio_02,1025,12,1993,441080,84093,296609,150625,78761,64354,83133,71319,66114,53134,56421
948553,True,76,1,37794,regular,casa,barrio_22,1038,7,1972,344117,69924,206514,152811,59913,83737,97873,70873,58332,42221,54936
604470,True,124,2,249163,muy bueno,departamento,barrio_06,1002,2,1979,471228,77668,303917,162056,109005,58794,58496,58775,66444,42664,62245
900757,False,89,2,113821,excelente,PH,barrio_55,1034,5,1977,408518,57196,249183,150743,181856,53901,39553,51012,51888,44382,61768
958944,False,69,2,93134,muy bueno,departamento,barrio_40,1013,3,1980,359005,57695,211375,147062,102674,57887,72449,67239,70353,44112,52755
332354,True,81,3,66932,muy bueno,casa,barrio_45,1002,8,1994,426541,78725,235067,152846,105531,81438,61259,65083,50950,50389,66599
156275,True,53,1,148849,excelente,duplex,barrio_42,1027,11,2003,392890,74131,164128,157483,178993,68313,36688,58939,58994,53513,59023
268972,True,165,2,11504,muy bueno,casa,barrio_39,1006,1,1977,557816,74744,375822,133939,107387,77898,68946,53384,61509,45039,64257
916026,True,92,1,108687,regular,casa,barrio_46,1007,10,2009,359381,69381,236928,150402,64066,77920,78122,59201,55456,57979,48353
750049,False,118,1,16432,excelente,duplex,barrio_00,1039,11,1956,499592,59152,280192,136792,187808,68208,71126,57588,53385,35567,55674
433245,True,76,2,23122,bueno,PH,barrio_51,1008,12,2007,353944,66286,216209,142213,75134,51828,77389,68760,55594,54124,63487
884098,True,58,1,56904,regular,casa,barrio_44,1021,8,1998,268483,74557,176861,151482,56672,82918,63667,55129,48398,47444,58333
276419,True,87,1,97399,bueno,duplex,barrio_44,1008,4,1986,362601,75492,228142,164664,73970,72497,59939,75504,62494,56063,61762
347250,True,134,3,14431,excelente,duplex,barrio_23,1004,2,1976,536972,80686,330427,135695,180907,70478,56343,61798,62982,45588,65195
358021,True,77,3,24100,bueno,casa,barrio_48,1000,12,1976,339469,70890,240178,143090,80924,81441,83442,36180,53655,44923,56861
561973,True,65,1,39263,bueno,departamento,barrio_22,1000,5,1975,302042,78638,182780,139466,72258,61187,92357,42514,63538,42942,59638
890829,True,100,1,31285,bueno,departamento,barrio_02,1018,5,2017,403742,77349,253149,140896,82014,64776,78769,67552,64126,61289,49720
318165,True,112,1,71914,regular,casa,barrio_54,1017,9,1951,367796,71735,280367,149382,62028,76426,44551,64451,50220,39344,51829
192235,False,152,2,567356,regular,casa,barrio_14,1001,9,1995,464981,64355,355550,158422,59172,78124,73383,46969,53627,50951,58621
634136,True,107,3,50790,muy bueno,casa,barrio_06,1013,10,2020,469493,72210,285182,148211,98815,73885,62322,64240,37173,58213,56041
749783,True,118,1,20168,excelente,casa,barrio_37,1010,11,1988,477850,75165,290134,136520,174850,82307,42523,38839,51437,54140,58280
233865,False,120,1,12872,regular,departamento,barrio_14,1022,11,1995,382255,65120,289871,141385,64078,65811,71745,60359,55710,45579,57013
272182,True,55,2,27995,bueno,departamento,barrio_51,1039,3,1992,332758,74937,183276,137350,70923,56700,72017,51358,63288,52179,53690
509171,False,61,3,17117,bueno,casa,barrio_26,1027,3,1985,333943,55127,206035,140496,73924,73261,82509,58352,68839,53949,62122
270177,False,57,2,52788,regular,departamento,barrio_00,1036,3,1994,261160,56940,189334,145712,63917,63800,60712,46551,66516,53920,66155
977121,True,48,3,52136,muy bueno,casa,barrio_57,1007,8,2014,379839,72019,181057,146387,107503,75397,94588,48938,54519,60601,60791
931369,True,123,2,25071,muy bueno,duplex,barrio_30,1008,7,2000,518268,78025,307323,143140,106533,79453,112013,72821,56064,55462,58733
185427,False,105,1,177720,muy bueno,casa,barrio_15,1030,11,2010,384606,49806,265795,155435,110956,81366,31905,70759,53550,49145,67692
856033,True,98,2,20164,bueno,duplex,barrio_40,1012,11,1989,360411,72602,261885,139175,73501,69058,67903,46071,55673,45250,63239
319852,True,25,3,33006,muy bueno,PH,barrio_31,1033,10,2004,271106,77444,135711,140616,111879,43154,47036,58882,50010,55472,60710
416211,False,167,2,60556,regular,duplex,barrio_01,1018,1,2012,478440,56505,383832,146183,61171,75316,37921,66316,63162,53769,57641
154144,True,64,1,74135,bueno,PH,barrio_45,1008,9,1965,304273,73857,192888,146836,76126,44253,58578,69542,50424,41143,65004
288210,False,167,1,100918,excelente,departamento,barrio_24,1033,11,2011,584566,61848,368627,154240,179193,54295,51852,61678,54242,58062,56503
583595,False,44,2,51164,muy bueno,PH,barrio_41,1022,12,1998,264238,61617,154648,151712,116219,53744,72476,57354,63129,47412,57586
946509,False,67,2,84181,excelente,departamento,barrio_53,1032,5,1981,414969,61457,197269,150984,189274,58349,46825,56296,63978,50282,55673
530997,False,25,2,21331,excelente,casa,barrio_36,1018,10,2004,380948,61726,127672,138550,177101,77258,64069,64417,41589,55965,57905
332953,False,108,2,75695,muy bueno,departamento,barrio_40,1005,5,1961,427303,59000,282741,152973,103262,64438,77247,68581,67690,44811,60251
646859,True,56,2,74891,excelente,departamento,barrio_15,1027,2,1999,389187,77301,190232,142708,171655,59414,33625,62696,64861,52300,51752
736142,False,57,2,121821,bueno,casa,barrio_14,1004,5,1990,327062,69005,190052,142632,76407,81731,70180,68584,67873,50762,57566
946491,False,47,1,9559,regular,casa,barrio_24,1026,4,2013,253537,57264,154331,135102,54872,79587,51100,50736,68521,60395,57366
841538,False,122,2,17575,regular,duplex,barrio_51,1016,11,1994,391899,61103,303877,139918,60106,71557,81620,49147,54554,52937,59274
774499,False,120,2,70159,regular,PH,barrio_31,1031,3,1987,378552,60341,300888,145237,57938,57936,40308,59928,66203,50645,58631
398843,False,158,3,4354,regular,departamento,barrio_20,1034,2,1987,406101,68557,378022,129364,67514,56273,49282,44923,72660,55169,57782
203259,True,71,3,53831,bueno,duplex,barrio_46,1016,7,1989,372668,70856,220626,144383,69214,72132,78141,57318,58251,50279,57929
966350,False,103,2,84782,muy bueno,casa,barrio_51,1035,7,2013,426096,61522,273040,152963,111504,75880,76160,48326,58046,56348,63156
971795,True,50,1,22900,muy bueno,departamento,barrio_54,1004,7,2005,242973,75556,155286,144576,109581,52828,48191,68898,60213,60241,62069
309549,True,83,1,25741,muy bueno,duplex,barrio_17,1004,2,1956,351497,81177,220499,146099,103096,72233,37152,60934,67900,39531,61024
452187,True,77,1,15378,regular,PH,barrio_42,1039,6,1987,249338,71323,204373,143677,58183,54564,38793,53900,57618,52824,61721
194817,False,111,1,23927,muy bueno,departamento,barrio_35,1022,12,1970,428478,61469,269865,135502,100297,54535,87778,55559,60468,47799,56364
493665,False,131,3,24488,bueno,departamento,barrio_26,1018,2,1961,430263,62697,334347,140149,69607,61919,73528,60554,66888,40809,53285
411165,True,130,1,21030,regular,casa,barrio_23,1006,10,2011,393815,72024,308593,138812,67823,82456,50006,55150,56463,53356,62679
307401,True,66,1,20128,bueno,casa,barrio_06,1011,2,2010,355819,69655,192493,135505,78928,70602,63513,48663,65549,55802,62578
665642,True,130,2,29237,bueno,casa,barrio_16,1027,3,2016,448789,75754,319723,145480,78642,80481,71669,65296,65542,58669,58755
276406,True,93,1,28956,bueno,duplex,barrio_32,1032,11,1977,330010,74593,237372,142705,76705,64334,47353,58658,57376,41608,65380
523351,True,84,3,162642,muy bueno,PH,barrio_53,1036,4,1980,358638,80945,245674,155544,108149,48276,50377,42644,67443,43130,59865
632493,False,70,3,26493,muy bueno,departamento,barrio_51,1016,7,2005,340125,58539,222883,146040,106305,67097,76976,61213,50373,51131,61545
513307,True,75,3,47826,muy bueno,duplex,barrio_11,1018,5,1963,394618,75782,225638,140649,97707,71369,76616,74320,63489,39636,66755
945066,True,156,2,22891,regular,casa,barrio_40,1006,8,1953,477550,74121,367011,141754,62436,83033,80577,50406,54101,37700,61421
266834,True,106,2,22659,muy bueno,casa,barrio_05,1003,5,1979,433179,75124,281401,131267,114217,81612,24255,60310,64872,49061,54438
771111,True,101,2,9288,muy bueno,departamento,barrio_40,1017,6,1994,397231,72325,263407,128550,109087,54932,78931,57139,64693,47663,77668
507721,False,86,1,10331,bueno,duplex,barrio_20,1023,10,1982,314289,63905,224852,127010,76282,74595,55527,55961,56040,44425,57360
119882,True,181,2,13827,muy bueno,PH,barrio_26,1004,7,1964,522235,73617,408973,132806,106504,51552,79779,61020,57097,40567,58584
209642,True,141,3,42064,bueno,duplex,barrio_43,1016,7,1986,471361,72190,347150,140457,77891,73782,70659,56639,60343,49111,58869
673940,False,70,1,85900,bueno,casa,barrio_25,1025,10,2016,311683,62494,200467,151332,78668,79859,49598,65115,51513,58006,63970
227688,True,85,1,8696,regular,duplex,barrio_48,1032,6,1969,335525,74165,225679,137833,68888,68996,75834,59545,64436,44275,68360
877141,False,88,2,23406,bueno,casa,barrio_32,1037,10,1978,301265,58245,239676,133526,79869,81644,48244,50092,49406,47776,58123
453804,False,100,2,12167,regular,casa,barrio_59,1013,9,1972,344423,59144,264288,135157,60486,83510,85766,69842,52873,45554,62841
931122,False,70,3,29395,bueno,PH,barrio_38,1015,11,1970,277253,56398,216260,147676,70252,42198,40303,67732,56537,41811,61638
353257,False,110,3,85872,regular,casa,barrio_17,1034,6,1996,371008,65745,295072,145744,60015,82396,31209,42755,58259,49821,62524
662960,True,146,3,25400,excelente,duplex,barrio_46,1027,7,1976,612034,77145,356549,141561,179825,75884,86993,68118,56147,50920,53231
106403,True,49,2,34961,bueno,duplex,barrio_24,1010,2,1994,257808,73411,166175,143483,71242,65128,50951,38969,65574,53422,60776
796379,True,56,3,116330,bueno,PH,barrio_32,1027,2,1951,269912,69979,194678,150424,70820,51517,46471,58709,66254,31796,63245
673215,True,78,1,52382,bueno,departamento,barrio_08,1006,2,1997,304398,72930,209094,147259,75192,64157,59844,52024,65943,51826,53294
342933,True,80,2,19770,excelente,casa,barrio_07,1017,8,1957,413011,76866,231635,140810,177518,82275,52264,61849,49881,40482,56965
763483,True,165,1,41239,muy bueno,PH,barrio_34,1012,4,1976,496763,78304,368383,137484,105045,60062,72918,55689,72120,53618,60945
186889,True,130,3,18731,excelente,PH,barrio_11,1039,4,2011,564696,74246,323232,139544,182040,56571,78805,49306,71301,56594,61179
204425,True,128,2,50837,bueno,duplex,barrio_59,1001,8,1973,431800,76597,311491,148819,84451,73978,84439,54020,48599,43653,64964
385266,False,86,2,54845,regular,PH,barrio_51,1034,5,1999,301520,66439,238601,150649,58977,50509,79207,43878,66045,54607,57490
101405,True,85,1,12164,muy bueno,casa,barrio_42,1011,2,1974,326700,74448,231668,136231,108739,83484,36891,44529,74278,45285,59311
611452,True,44,3,41778,bueno,casa,barrio_44,1001,7,2014,282379,74930,178093,142084,76746,80049,57136,53249,58336,48446,63070
133090,True,122,2,33055,muy bueno,duplex,barrio_35,1026,7,2017,483037,72144,298900,156191,97133,67962,89706,56535,59358,48590,60403
772749,False,112,3,56148,excelente,casa,barrio_03,1027,2,2014,551244,59764,295983,148382,183829,74026,82927,62786,66395,56459,63020
569088,True,140,2,70621,bueno,duplex,barrio_23,1005,4,1978,473040,78441,335223,149608,73810,66869,53320,67679,60311,51736,61912
597171,False,88,1,53208,excelente,casa,barrio_29,1001,3,1972,464205,59381,226187,148813,173413,69468,79625,61766,68805,40102,57252
911349,True,90,2,28494,muy bueno,PH,barrio_54,1004,9,1993,358515,72564,244239,137836,105262,56143,49077,64489,57368,47378,55755
754380,True,101,2,76624,bueno,duplex,barrio_13,1016,3,2007,394053,73706,274093,147143,72281,69920,89316,57623,69514,53877,52753
493488,False,126,1,18062,bueno,departamento,barrio_29,1005,1,1987,397197,56972,304957,130846,73288,64387,68314,65861,63990,48028,65242
695958,True,44,1,12627,regular,casa,barrio_20,1028,4,2002,259528,74209,154360,138695,66002,78577,58771,64593,65439,52651,54044
785939,True,121,3,2818,muy bueno,duplex,barrio_08,1003,6,2012,447152,67697,307297,129739,100172,64614,54457,69495,55053,55820,62177
184409,True,94,2,34334,regular,casa,barrio_06,1031,10,2003,367336,74542,248870,140371,63176,86030,60931,60830,55418,51046,53827
896649,True,58,2,18822,bueno,PH,barrio_21,1034,1,1976,249753,70694,183333,135424,76367,54347,46602,42489,65421,46210,59646
401950,True,25,2,49921,muy bueno,duplex,barrio_04,1028,11,1967,236477,77851,132621,145960,106984,71853,13870,75955,56453,48818,60461
379073,True,90,3,7503,regular,PH,barrio_04,1037,4,1980,292992,75048,257439,131887,60905,45561,14230,52701,68230,51880,61929
568709,True,146,1,21639,regular,casa,barrio_21,1037,5,1990,400170,72351,334060,145908,65356,83573,49839,39920,65959,52717,63083
179988,False,154,2,52903,muy bueno,duplex,barrio_12,1001,1,2009,488828,55635,361746,140826,111951,63754,58940,44239,68778,56396,70702
834185,True,107,1,15933,regular,casa,barrio_33,1013,4,1971,343164,75985,273505,131912,59819,75293,43982,64730,71011,42747,56035
485473,True,164,1,50383,bueno,PH,barrio_01,1030,6,1961,438078,72736,366951,145378,79141,53684,30414,63656,58043,41362,62262
274472,False,93,1,23257,bueno,PH,barrio_18,1013,8,1972,345568,60362,234650,144804,68390,60687,83472,65724,48141,46027,66091
731716,True,128,2,35375,bueno,departamento,barrio_27,1029,10,1992,459522,77275,321687,146275,75830,59061,63825,67764,52082,53598,59956
818817,False,79,2,58462,bueno,departamento,barrio_57,1030,7,1966,381496,63247,229056,149629,73503,57241,94995,71279,60329,37890,57921
891546,True,77,2,77827,muy bueno,casa,barrio_38,1039,2,1978,344577,79939,227902,150088,99840,91737,39645,46917,68187,51905,56066
235479,False,71,3,39105,excelente,duplex,barrio_52,1013,5,1968,417774,57961,224450,142523,177917,69508,29644,65453,72202,44905,64477
683827,False,25,2,18935,regular,casa,barrio_20,1013,9,2019,183627,63599,134271,137187,58351,79257,56496,63486,53719,58445,60900
530446,True,140,2,25174,excelente,departamento,barrio_26,1000,8,1986,536040,73680,335643,141846,174294,61429,77446,35285,54562,45454,58754
215317,False,73,3,60450,muy bueno,PH,barrio_25,1011,8,2001,291523,62566,224717,151564,106890,51836,53317,58724,59149,55769,62589
412996,False,67,2,16043,muy bueno,PH,barrio_53,1011,7,1986,294286,55534,193943,133075,102159,55949,54279,54565,54658,43307,62560
424976,False,54,3,31494,muy bueno,PH,barrio_57,1018,7,1950,334559,61272,193258,139384,100487,54424,97892,64677,60854,34854,66410
697911,True,88,1,26670,muy bueno,PH,barrio_57,1016,12,1968,362943,74567,234047,139457,102271,57678,98331,55048,62335,50812,59287
658998,True,157,3,33433,muy bueno,PH,barrio_45,1034,8,2009,473246,82612,379896,144475,105792,52407,67447,41270,55486,54886,56469
666078,True,168,3,16197,bueno,duplex,barrio_30,1030,8,1986,565048,71524,404607,142323,74945,68910,112145,74572,54029,47543,57427
739235,False,37,2,8254,bueno,departamento,barrio_32,1029,5,1999,189295,53823,148022,129025,70057,62060,47027,65943,60525,55182,57515
531329,True,83,1,55083,bueno,duplex,barrio_58,1000,6,2004,275516,70552,225880,146302,75341,69092,46452,36933,57234,50794,64729
893320,True,59,2,78535,regular,duplex,barrio_17,1018,9,1989,278303,72705,191418,151305,55295,57672,44795,71644,51070,50561,59313
191505,False,130,3,8658,muy bueno,duplex,barrio_20,1029,11,1991,457685,57805,328582,135628,113540,71738,53612,66956,50761,60039,65378
803718,True,105,2,48783,regular,duplex,barrio_53,1009,10,1966,342846,76029,273527,147144,63658,65967,47533,53238,54684,41435,61087
355379,False,73,1,86383,bueno,duplex,barrio_23,1016,8,1967,278636,60347,203828,151234,71469,68150,67255,50974,54217,43725,54540
665939,True,98,1,58497,regular,casa,barrio_14,1029,10,1960,355859,76087,248853,153203,70904,77110,64565,68262,44945,38829,59752
719768,False,78,2,26021,bueno,duplex,barrio_33,1031,1,1971,295885,61044,221290,141569,80057,75540,35546,61542,63174,39188,59824
707156,True,151,3,17072,muy bueno,PH,barrio_19,1034,4,1994,498040,66606,366724,138337,103897,52732,60997,33679,58078,51469,60852
483906,True,114,2,38746,muy bueno,departamento,barrio_53,1017,3,2015,442151,72224,294407,136480,107416,55140,45849,58596,73334,60024,53925
327347,True,118,3,44277,bueno,PH,barrio_54,1015,8,1981,395565,70873,303926,145580,75042,62612,47042,66995,49633,48508,64049
985631,True,25,3,39208,regular,departamento,barrio_18,1015,10,1992,247640,79248,143351,145639,52102,58587,85821,60653,54046,55925,58618
919418,True,93,1,31442,bueno,PH,barrio_31,1026,2,2011,343803,75919,239892,132785,70373,48621,38670,53064,67987,60414,56736
786682,True,168,1,15274,bueno,duplex,barrio_59,1016,3,1998,492162,74198,375118,136730,68026,75054,86852,53715,69797,50220,55624
490632,False,141,3,50927,muy bueno,casa,barrio_44,1016,6,1968,473466,60266,345982,155287,106974,82412,57749,49141,60664,44185,63505
461612,True,30,2,52928,muy bueno,departamento,barrio_12,1006,12,1969,277130,79442,136614,149221,108747,57374,51850,43700,56400,41567,67331
373423,True,84,3,42645,bueno,duplex,barrio_35,1019,1,1995,408064,78588,252881,140181,71689,66606,80206,61346,62793,50938,59780
203251,True,53,3,39688,bueno,departamento,barrio_37,1009,11,1970,270536,81697,192782,155631,71414,57908,40499,57851,57161,43238,62173
528507,True,155,2,139163,excelente,duplex,barrio_39,1020,3,1967,621309,76155,362683,152876,184658,62066,82317,66810,74734,48714,55197
269504,False,104,1,22037,muy bueno,casa,barrio_01,1035,4,1992,352120,64704,261814,144471,105555,82041,28243,45214,68924,53343,61418
284593,True,68,3,101230,bueno,PH,barrio_17,1031,8,1995,286006,72581,217610,148868,83325,60324,35233,56641,57657,47903,57253
802819,False,96,2,20187,bueno,duplex,barrio_51,1019,9,1967,363712,63245,251681,135682,71017,68949,76827,55552,47984,41808,58101
124836,False,25,1,88182,regular,duplex,barrio_14,1039,11,1953,201470,59694,115195,145782,61566,72373,69062,52702,52221,32659,60045
136771,False,57,2,97411,excelente,casa,barrio_17,1039,1,2004,383509,62943,184850,145593,175377,88415,27980,46273,65058,51085,58823
840170,False,96,1,28726,bueno,duplex,barrio_19,1017,1,1977,363047,61712,245421,139037,83910,66051,56140,56500,64873,49768,59406
996669,True,125,1,137142,bueno,departamento,barrio_10,1030,6,1994,423858,76822,306179,155415,76646,58847,83748,72035,66360,42426,55946
727609,False,27,2,52851,excelente,departamento,barrio_09,1013,7,1962,306444,60432,131354,148692,173341,55605,39399,66694,51337,36223,59362
150130,False,82,2,18001,muy bueno,departamento,barrio_20,1035,4,1972,301377,53224,233160,134741,103476,61272,51325,40620,63885,45602,58021
767694,False,130,2,26921,regular,PH,barrio_52,1014,8,1993,332720,58583,324112,142772,55821,49385,17094,63386,48112,49843,58658
653195,True,44,3,89878,regular,PH,barrio_00,1010,4,1958,243228,78510,174351,155450,59125,49797,71763,45172,64115,47526,56588
304679,True,103,2,75997,regular,departamento,barrio_16,1005,12,1972,384708,72359,270780,148612,56391,60115,70440,58319,64107,50500,59461
728301,False,97,3,15577,muy bueno,casa,barrio_03,1033,3,2001,427563,66315,264699,136302,105895,82508,88716,61738,67615,52287,63983
717269,True,155,3,32487,regular,duplex,barrio_33,1011,8,2004,440214,75344,379561,142999,58656,67418,36097,46615,44448,63820,61085
803988,False,87,3,42737,excelente,casa,barrio_15,1032,7,1975,451246,65457,259075,147120,183860,84219,33351,59437,53008,44068,61848
724055,True,89,1,24195,excelente,casa,barrio_47,1003,2,1958,465649,70791,239302,136007,179560,73629,66063,64825,68656,39992,55243
466213,True,125,3,239483,bueno,PH,barrio_35,1020,8,1951,441683,75432,326309,157138,81172,49213,85378,74179,63476,37070,54536
815938,True,49,1,43780,muy bueno,departamento,barrio_47,1017,2,1989,310661,73893,162281,146746,103194,63119,64510,58023,66329,53273,63367
844737,True,87,2,34563,bueno,PH,barrio_38,1017,7,1999,321219,69013,231703,147726,72370,52611,44492,60425,54392,51490,57645
943724,True,79,2,94153,regular,duplex,barrio_26,1006,8,1992,325842,74975,228961,148691,67170,68960,73556,49686,58154,54427,67676
605357,False,90,1,27115,muy bueno,casa,barrio_51,1002,1,1978,374107,61657,229885,151215,106315,86482,79796,57395,67330,43193,57009
810937,False,125,1,81303,regular,departamento,barrio_28,1013,3,1951,390607,56787,292059,143087,60297,59415,66081,57902,64822,40523,61290
813958,False,114,3,9565,regular,PH,barrio_56,1018,4,1966,370264,60652,302161,132945,59892,47299,50051,70021,61908,45167,60449
334321,False,69,3,25263,bueno,duplex,barrio_59,1031,12,1952,296523,56183,218409,140693,75844,63911,88403,65746,62653,40590,61469
434387,False,100,1,84057,regular,PH,barrio_35,1018,3,1982,367608,62441,248863,144825,58607,53440,83638,76550,67172,50004,59578
788050,True,147,2,127537,bueno,departamento,barrio_40,1009,12,1971,474779,78527,346589,154362,74423,61845,79138,49247,51997,46097,65074
945721,False,66,1,19562,muy bueno,PH,barrio_15,1010,7,1955,206503,56289,193492,144912,105976,49424,29866,41931,57475,47868,66464
462656,False,100,3,17821,muy bueno,duplex,barrio_48,1024,12,1993,389049,61027,279438,135437,104706,67853,80339,40572,54362,55892,61905
913712,False,88,3,57180,muy bueno,departamento,barrio_40,1017,10,1976,382071,60485,257032,154782,107121,63809,76467,67669,55489,50989,64336
882630,True,93,3,22061,muy bueno,duplex,barrio_54,1036,4,2018,374243,69009,256538,138329,102862,65056,42071,53250,63312,54106,64670
505385,False,38,2,29294,bueno,duplex,barrio_16,1017,7,1979,237908,59791,150861,144421,69232,72729,62024,59951,51581,44643,57203
101673,True,144,1,73213,muy bueno,departamento,barrio_47,1022,9,1956,430891,76440,330756,147161,101529,60041,66454,51071,49757,41941,59980
964117,True,68,1,23499,bueno,casa,barrio_28,1002,1,2000,338831,71504,193774,143968,81670,69200,69012,61728,68210,50988,53848
435292,False,131,1,7538,bueno,duplex,barrio_11,1007,8,1999,394511,56146,303429,125249,76420,64080,86068,55991,49648,54941,62044
700078,False,73,3,12825,excelente,casa,barrio_10,1034,6,2015,420696,55855,226321,141945,179981,80115,84450,33608,62025,60328,66293
346416,True,73,1,36606,bueno,departamento,barrio_33,1013,1,1999,302945,72541,203568,141555,71652,55104,41451,61460,62832,53691,59284
853470,True,137,3,8178,regular,casa,barrio_19,1016,11,1975,433727,71338,338472,134797,61509,81071,59772,55319,54304,48097,67135
417649,False,130,3,28632,bueno,PH,barrio_06,1023,4,1997,398937,59036,331579,141940,69866,45018,61524,58862,71809,53585,56805
757459,True,102,1,11924,bueno,departamento,barrio_25,1002,11,2006,350735,81547,257376,132416,80374,61004,51580,63302,50169,51266,57044
483634,True,122,3,134854,bueno,PH,barrio_39,1020,3,1986,431252,69960,310938,149922,74131,55945,80644,68713,63100,53938,51563
976612,False,85,3,205277,bueno,duplex,barrio_19,1013,7,2006,373994,66549,246383,153222,85018,66539,59439,64580,57774,54760,54209
617548,False,95,2,15575,excelente,duplex,barrio_57,1005,5,2018,555754,63865,255325,142865,181342,74368,89780,71250,61363,52714,59706
792730,True,72,2,44596,bueno,duplex,barrio_46,1016,11,2003,329152,67888,211782,145800,72141,71282,84741,54822,60571,61265,64649
531303,True,127,1,16843,bueno,casa,barrio_30,1017,12,1985,479836,75775,298223,141234,70846,82932,105386,59643,61570,46266,65043
319127,True,71,2,28355,bueno,departamento,barrio_56,1007,10,1984,283805,71975,214186,144410,80339,58575,57191,52415,51359,52864,60112
381454,True,147,3,153703,muy bueno,casa,barrio_25,1021,11,2009,509731,70971,358072,163312,108873,78756,54481,48551,64406,60027,61761
370661,False,84,2,25000,bueno,duplex,barrio_08,1029,10,2011,333301,63106,227597,139488,74157,70151,59223,65704,51744,60855,56862
931933,False,96,1,28888,regular,PH,barrio_02,1010,4,1968,330528,53894,242334,138329,58412,57000,76699,40728,73096,44531,59284
804940,True,122,2,17085,bueno,departamento,barrio_56,1038,12,1950,377878,73121,305885,131601,72670,67545,59465,61693,62140,44128,62010
268236,True,96,3,90849,muy bueno,PH,barrio_57,1024,7,2007,386219,72696,263571,144387,98891,53643,91463,44931,56413,52847,57712
742775,True,85,1,2669,muy bueno,PH,barrio_44,1030,5,1966,379609,78536,227070,119689,99428,57897,58736,70593,58567,40600,59591
214558,True,94,3,25483,muy bueno,departamento,barrio_06,1002,3,2020,371350,68711,265438,145521,103203,57577,58111,56552,65252,52890,60882
463149,True,126,1,35007,muy bueno,departamento,barrio_17,1030,9,1952,384835,76446,293123,143456,107388,66816,34593,67189,46911,29277,55439
807927,True,72,1,21400,bueno,casa,barrio_02,1013,4,2014,361056,70452,200977,143935,77008,89993,75899,61862,71093,56060,56467
437013,False,91,2,72463,regular,departamento,barrio_03,1028,8,1998,366430,53889,244574,154167,55411,59732,74410,67990,46548,51381,47529
835192,True,95,2,94999,regular,departamento,barrio_14,1032,1,1971,336443,63856,255823,149525,55883,53817,69283,65457,62376,42620,59513
468406,False,125,3,11735,regular,duplex,barrio_34,1010,8,1952,345431,57931,318169,135807,63960,69225,71500,42296,50070,42012,59036
898935,True,92,1,193840,bueno,duplex,barrio_03,1010,8,2010,375772,70548,239855,159665,78410,68356,86062,42900,54065,52864,61316
421552,False,158,1,11631,bueno,duplex,barrio_59,1002,7,1958,452312,60748,355550,134787,75437,65638,88291,65401,54716,38470,54511
525780,False,90,2,101814,bueno,casa,barrio_27,1024,8,1956,345932,53157,248522,152228,75680,84379,68971,38322,52725,37782,64614
580335,True,87,3,40940,muy bueno,duplex,barrio_15,1030,12,2006,357399,69623,250678,149895,108006,71969,37617,71249,53398,53069,53889
759361,True,89,3,24271,bueno,departamento,barrio_30,1016,11,1998,415082,71146,259054,136867,75878,66937,110881,54780,51360,59254,61218
523236,False,49,2,26174,muy bueno,departamento,barrio_47,1006,6,1959,298996,62557,168453,140021,100635,61518,62232,56178,54575,35631,58415
232859,True,59,3,35355,muy bueno,duplex,barrio_18,1012,11,1974,361740,75871,202588,145325,107380,67658,81030,48058,53607,51149,54923
452949,True,76,3,42905,bueno,duplex,barrio_02,1016,12,1997,335453,76999,230808,149415,70592,72972,76262,58633,54961,60675,58763
311387,True,135,3,17394,bueno,casa,barrio_03,1036,2,1996,462072,77276,342851,142666,72716,73773,71644,43306,72153,52708,59142
177690,False,94,3,30117,muy bueno,departamento,barrio_51,1004,5,1975,385647,61910,268645,137988,108495,57706,78294,68596,56534,34226,58714
924131,True,78,2,19603,muy bueno,PH,barrio_06,1013,9,1979,328425,69139,221237,135580,100641,46708,67766,66040,54209,53120,59127
709488,True,138,3,13739,bueno,PH,barrio_38,1025,7,1955,391439,75723,348159,134610,75854,53770,40649,66485,55510,34991,66095
287936,True,149,1,18886,bueno,departamento,barrio_23,1009,2,1950,410849,69344,335183,132078,75874,55486,55827,57040,67710,45678,59407
265615,False,139,2,14473,muy bueno,PH,barrio_46,1035,6,2018,471019,59272,339154,136882,102002,55789,85759,44945,71123,47066,61354
513855,True,65,3,25949,muy bueno,duplex,barrio_03,1036,5,1966,392486,83116,216729,147360,103785,65201,88141,46323,59788,36674,61412
621769,False,78,1,51327,regular,casa,barrio_53,1015,9,2015,300013,55453,209832,142749,63143,80252,49529,69033,46052,51316,56460
189799,False,158,2,39997,bueno,PH,barrio_41,1029,7,1953,486350,62609,365948,149753,71849,57126,75939,70313,54647,27454,59340
809685,True,103,3,176218,excelente,PH,barrio_26,1030,2,2020,561967,73884,283879,157516,183609,50797,73593,70432,66503,49378,67345
523415,True,86,1,6196,regular,duplex,barrio_12,1027,1,1980,335218,71947,231115,126976,63847,66547,66007,60700,65615,46537,60739
846123,False,120,3,52864,excelente,departamento,barrio_58,1007,4,2007,505669,57421,309699,147479,176656,53429,46090,55722,69030,58938,68396
111180,False,130,2,36503,bueno,casa,barrio_18,1001,2,2009,472502,58981,317740,141758,73567,85126,84739,46132,66561,65650,60731
866580,True,75,3,69740,bueno,PH,barrio_29,1013,11,1974,349065,72044,235894,150890,75966,53952,69609,64140,48503,42237,64330
921483,True,103,2,64420,bueno,PH,barrio_23,1005,4,2002,386980,80278,271212,143872,76396,50439,48983,68800,63592,54922,69440
605968,True,127,1,31825,regular,departamento,barrio_13,1011,8,1973,404147,73559,299296,143222,54715,61289,88157,46807,50461,38776,52821
364164,True,54,3,41694,excelente,duplex,barrio_24,1025,2,2006,452495,72283,196307,147308,177451,70054,50707,64798,66452,54505,58767
618213,True,95,1,20025,bueno,duplex,barrio_09,1023,6,2018,324235,76790,240278,135608,73001,69146,38227,55255,69063,60645,60722
946000,True,56,1,59334,excelente,casa,barrio_00,1008,12,2007,433588,71934,181898,150904,184015,81057,67372,73699,61093,55591,62429
719610,True,61,3,8078,bueno,duplex,barrio_17,1000,8,2001,240585,77158,207794,136082,74299,74677,35335,39222,55731,48279,62746
419605,False,75,3,67607,excelente,casa,barrio_06,1009,4,1976,465673,62531,231573,153148,182406,79490,63166,56198,66061,43932,60317
651448,False,112,1,35648,excelente,departamento,barrio_24,1018,9,1957,466623,66491,282290,149850,182397,55674,46886,62484,41640,33991,53696
658539,False,84,2,24596,muy bueno,casa,barrio_51,1031,7,1985,353122,63817,228268,141168,99687,79207,77123,61986,48005,53518,60703
932508,False,72,1,30151,bueno,departamento,barrio_09,1014,3,1959,295807,57365,200730,149023,71946,60124,40378,64474,70770,41362,63767
453774,False,97,1,31973,muy bueno,duplex,barrio_00,1011,12,1986,377302,58282,242880,151747,101749,64048,70946,44542,60298,48429,61712
138874,True,55,3,102523,bueno,departamento,barrio_06,1022,12,2011,305027,83389,183503,149961,77979,63928,65899,55708,61396,52298,62023
389666,False,110,1,482528,excelente,PH,barrio_30,1002,7,1958,522598,54550,272737,159992,181779,51613,114274,56635,55441,36999,57386
515642,True,135,2,96365,bueno,casa,barrio_16,1009,1,2013,479350,65948,327065,155235,80965,76605,70404,50357,65103,51002,59054
953133,True,92,3,23103,bueno,PH,barrio_29,1001,5,1992,371934,75077,259773,141373,73283,52010,67874,51920,56299,47714,58721
109252,False,88,3,60104,regular,departamento,barrio_01,1021,7,1953,297369,60894,254659,149651,59402,58736,31547,54660,56394,44092,64310
670736,False,108,2,62234,muy bueno,PH,barrio_19,1017,12,2001,386597,59681,278431,139085,102472,49370,59069,64050,56135,46180,58478
543368,True,25,3,17324,excelente,duplex,barrio_24,1023,9,1950,333347,74917,139554,133377,183986,68841,53289,54797,51219,33949,61840
290697,False,114,2,13245,regular,PH,barrio_25,1024,3,1993,338683,55715,290989,131043,61536,46399,55044,39649,69263,54305,58469
551942,True,204,1,34523,muy bueno,casa,barrio_33,1015,7,1986,545851,77806,441186,138109,103439,75450,36155,63530,56273,48836,67765
341447,True,91,1,69298,excelente,departamento,barrio_46,1034,3,2002,441354,76310,239915,143506,178752,60338,74202,39112,67916,54279,60940
356322,True,91,3,10002,regular,casa,barrio_28,1036,6,1976,371137,73710,260490,127887,61855,74837,72436,40737,63721,46021,67144
688958,True,121,3,20400,regular,departamento,barrio_50,1004,7,1958,438749,73490,308367,145757,60630,60022,67232,67061,60137,34852,53256
825455,False,153,2,57418,muy bueno,casa,barrio_31,1036,7,1977,436564,63416,359274,145474,103050,77602,51209,46742,57425,53445,60391
139656,True,129,3,37548,muy bueno,PH,barrio_15,1007,6,2004,427870,78912,328138,144141,105701,54749,36894,53387,58548,55768,55187
595100,True,25,3,112760,regular,departamento,barrio_13,1009,6,2017,302459,69143,142475,147914,62132,62891,88529,53592,59307,52617,59613
466180,False,115,2,11742,muy bueno,casa,barrio_19,1021,10,1964,386445,61582,288930,132320,94998,81221,65588,59877,48435,41626,61496
356099,True,185,1,238406,bueno,casa,barrio_35,1001,7,1974,566100,81017,406865,156918,72449,74677,82602,54462,56913,47860,64893
233927,True,117,3,10611,excelente,duplex,barrio_14,1014,1,2012,498030,75207,307928,135495,181855,66929,69866,64028,65592,51511,59424
701715,True,55,3,7163,excelente,duplex,barrio_54,1007,9,1972,357018,71260,198405,134668,178263,72511,51119,50936,50864,36973,58947
362690,True,105,1,34644,muy bueno,duplex,barrio_28,1019,8,1967,414333,72740,268649,146867,106457,76717,68455,60081,54897,46252,66356
231556,True,50,3,14653,bueno,casa,barrio_51,1032,9,2009,288990,78091,189465,135720,77541,81772,76853,55278,44343,59120,61746
849218,False,138,1,35207,bueno,departamento,barrio_40,1036,9,1984,404403,58481,320151,144582,74557,51564,77646,45835,53216,41609,52892
775490,False,62,3,34236,bueno,duplex,barrio_20,1008,3,1991,305830,57400,210767,140860,70888,69607,57156,66328,69950,48076,61813
799014,True,98,2,31051,regular,PH,barrio_13,1021,12,1984,347730,73049,260956,133672,57028,55816,93435,55055,59233,49706,65318
510105,True,65,3,18510,muy bueno,casa,barrio_44,1018,12,1992,367766,75407,215812,141467,107827,78295,61731,60434,64330,48517,58467
240361,True,76,3,51335,regular,casa,barrio_19,1016,2,1969,334074,78538,227677,146494,60032,83460,60105,52196,67637,35489,60244
867963,False,147,2,28173,bueno,departamento,barrio_14,1025,3,2001,460187,64262,349279,148220,73113,60868,71545,63247,62954,47709,61915
795713,True,99,1,87810,regular,duplex,barrio_55,1039,3,1975,319833,67746,247839,153097,61671,72847,46870,54142,70725,36605,58051
536546,True,75,3,31436,bueno,casa,barrio_28,1016,12,1987,362464,80656,231993,143275,78927,80367,72509,48555,57277,52397,59565
765686,False,55,2,16786,bueno,duplex,barrio_02,1002,12,1963,273002,63248,179836,138143,77273,72978,84119,58626,56903,40880,53737
997199,False,29,2,9413,muy bueno,PH,barrio_29,1036,4,1950,197143,54914,132360,131779,110745,53964,63474,43925,71229,36244,57826
738121,True,51,1,31644,muy bueno,duplex,barrio_27,1037,8,1990,268409,63362,162104,135820,104592,65843,64854,55153,49023,45622,57638
891775,True,99,1,13156,regular,duplex,barrio_51,1012,3,1959,339115,77880,247858,135508,65863,69948,70313,38810,69194,40067,63155
497167,True,129,2,12333,excelente,departamento,barrio_42,1020,1,2014,518623,74657,317357,135257,186763,59023,46118,58560,66071,56975,70337
319971,False,75,2,55380,excelente,duplex,barrio_11,1034,3,2018,429526,62508,223836,144734,177626,78280,76815,38195,69475,58657,55887
608155,True,150,2,8759,bueno,casa,barrio_09,1020,1,1972,493271,69734,355098,137679,68660,78754,32330,62216,62458,39226,62047
459775,True,70,2,112393,muy bueno,departamento,barrio_36,1019,11,1970,328303,76380,208459,153514,109117,62392,50046,68469,60070,42635,62787
911562,False,87,3,41265,bueno,casa,barrio_02,1036,10,1986,337275,67547,253827,141129,71281,80993,83307,44146,45004,45188,64701
899459,True,57,3,35064,bueno,casa,barrio_19,1033,3,1964,329723,76440,200699,143586,73162,81915,59290,60733,64038,43415,62530
847017,True,130,2,15870,bueno,casa,barrio_08,1020,7,2011,437014,72736,323718,131908,69549,81173,55490,65610,51445,56540,59790
201398,False,168,3,66936,regular,casa,barrio_01,1006,3,1957,459224,56982,389856,145906,63565,82209,27150,57282,65552,43998,63531
985088,True,33,2,36231,excelente,casa,barrio_55,1017,7,1982,339433,74344,147152,150863,191252,84063,40952,54348,49347,46444,63224
916614,False,83,2,20976,excelente,departamento,barrio_05,1027,11,1963,391758,53856,232444,141059,180197,60557,32062,61589,59008,42740,65245
421442,False,139,2,42611,muy bueno,casa,barrio_00,1010,11,2009,466572,58617,331394,141590,96644,77052,73983,40068,54799,69568,63055
416471,True,44,3,9450,muy bueno,casa,barrio_55,1021,10,1960,281248,85613,171340,133631,110060,72350,34533,52248,51082,44595,55871
902258,False,115,1,9816,muy bueno,duplex,barrio_11,1026,3,1981,436524,51672,273835,138891,108165,72650,79965,58628,66796,51402,63207
643644,False,138,2,14822,excelente,casa,barrio_48,1003,3,2009,556650,59052,329541,128571,177918,79303,77675,63844,64648,58207,62826
954255,False,98,1,48032,bueno,casa,barrio_01,1022,2,1981,293365,57925,248514,141422,78944,82377,25537,58266,76728,46996,57886
780353,False,114,2,36221,regular,casa,barrio_09,1029,2,1963,367589,58785,286871,149398,60478,75066,36521,57718,64314,45298,69202
759852,True,157,3,84051,muy bueno,casa,barrio_06,1008,8,1961,536921,71082,370613,157051,102128,74107,66894,73137,62421,41404,57705
414579,True,163,2,17396,bueno,PH,barrio_42,1021,8,1992,451757,76355,371755,138903,76986,53193,48329,47150,52162,52888,52008
833571,False,93,1,57511,bueno,duplex,barrio_37,1028,11,1958,304835,61124,243653,141147,70913,65515,40854,65951,58491,41522,53320
128955,True,76,3,33153,regular,PH,barrio_28,1001,2,1975,332425,71360,236115,146008,63380,58724,72027,51055,67706,41906,57335
671792,True,63,3,17078,muy bueno,PH,barrio_14,1025,4,1993,345293,77956,212366,138531,103110,51602,75047,67862,66106,55162,59625
128616,True,129,2,49427,bueno,casa,barrio_05,1010,9,1976,355281,67445,317562,146281,72873,76824,24029,44436,46050,51483,64152
237738,True,47,1,34447,bueno,duplex,barrio_34,1015,9,2008,282485,76322,155901,138667,72879,72072,72778,69948,45821,56089,56092
924381,False,86,2,21954,regular,casa,barrio_13,1025,6,1998,359445,67148,232433,141427,55918,76432,84578,68676,59541,55792,62072
742580,False,99,3,37556,bueno,PH,barrio_35,1000,2,1959,374175,58816,274239,147830,70143,47855,91350,39056,65322,45762,61275
416338,False,77,2,32741,excelente,departamento,barrio_41,1000,6,2008,381211,62284,219461,141370,185358,61126,74172,37341,60495,57319,59342
362012,True,105,1,32114,bueno,duplex,barrio_50,1017,3,2014,403324,78562,262306,142324,73490,71197,66810,61738,67161,55381,54066
337681,True,185,1,26106,muy bueno,departamento,barrio_29,1037,7,1964,533454,74072,401607,138426,114987,56137,79005,51758,51696,37360,54171
489016,False,91,3,12785,muy bueno,PH,barrio_00,1000,11,1975,317486,58491,257070,140794,105036,46118,67422,36281,56243,41252,66169
976162,True,80,2,38554,bueno,departamento,barrio_16,1031,3,1978,323393,74290,222929,145602,83384,62790,77247,56816,75017,41690,58952
721477,False,131,3,19107,muy bueno,PH,barrio_51,1002,2,1980,473882,59847,322726,141123,104499,49381,77779,58072,67224,49725,60263
404381,False,103,2,16054,muy bueno,duplex,barrio_31,1019,9,1982,364748,63934,279034,130485,110457,73950,54312,60589,51941,47244,66675
498249,True,145,1,29955,muy bueno,PH,barrio_37,1017,1,2013,421212,71911,332143,145506,106362,53131,39769,65475,69096,62013,58455
556173,True,101,2,65331,regular,departamento,barrio_27,1018,12,1996,341304,71234,268590,150100,59603,58126,67148,72061,64648,51871,63493
190218,False,86,3,42129,regular,departamento,barrio_09,1003,10,2013,299789,63378,248523,141657,55352,64206,40869,68998,52965,59272,57580
100680,True,33,2,23744,excelente,PH,barrio_53,1030,5,1974,333346,77672,139374,144598,184199,50706,55654,75761,61999,51703,54679
218405,False,38,2,22992,muy bueno,departamento,barrio_46,1011,5,1987,258671,58107,146870,141530,98875,60482,80113,41862,62210,39233,55337
331093,False,31,2,60394,excelente,casa,barrio_59,1030,5,1957,399275,66940,136687,147041,183763,76217,79999,72100,65414,43256,61779
710007,True,108,2,5338,excelente,departamento,barrio_51,1026,5,1969,484017,68478,275138,128045,178279,64821,76451,59150,60478,48246,62179
318168,False,47,1,68727,regular,casa,barrio_17,1022,11,1991,221915,67679,154874,149601,61717,78568,39512,53394,58135,55045,65007
380629,True,139,1,8109,muy bueno,casa,barrio_15,1012,10,1962,444715,79915,318778,126471,107550,75507,39837,51874,51266,39509,67109
992663,True,96,1,11704,bueno,departamento,barrio_14,1026,3,2018,361634,73453,246663,136671,73312,62550,76483,58589,73787,59959,68080
147547,False,86,3,24067,muy bueno,duplex,barrio_55,1039,3,1969,343464,56674,247981,142060,106810,69178,41738,49183,65481,45399,56125
785027,False,65,2,206096,regular,duplex,barrio_33,1036,7,1961,234082,56950,197855,165459,60847,72215,34381,50721,54322,35204,60527
716768,False,117,3,138959,bueno,departamento,barrio_27,1036,8,2005,398966,59681,304944,162825,80706,54666,61352,49300,50641,52281,69240
301982,False,67,1,63907,muy bueno,departamento,barrio_58,1008,9,1956,293100,52565,191552,145182,107340,62917,38078,69841,58757,38048,60099
189325,True,61,1,48302,muy bueno,casa,barrio_36,1023,4,1973,340087,70648,177659,147646,99344,77631,62872,57169,63497,46315,53949
556614,True,137,3,8186,muy bueno,duplex,barrio_54,1015,6,1964,457687,70404,341302,136638,100462,63864,49212,65778,58368,42483,60152
455928,True,107,3,41168,bueno,casa,barrio_59,1038,2,1999,478907,76396,284216,146543,80077,83779,84038,74456,76243,51366,56270
885005,True,87,2,23403,bueno,duplex,barrio_04,1038,6,2009,321387,75603,239327,132060,69310,70988,7037,69200,61825,63877,64609
305624,True,117,1,18895,excelente,duplex,barrio_21,1034,9,1963,445780,77933,290312,144518,176026,77536,45926,44291,57217,38753,60410
627537,True,95,3,41103,bueno,PH,barrio_44,1006,4,1979,348205,78265,265500,140805,75058,49500,68882,58153,68334,54823,60581
132551,False,108,1,24912,bueno,departamento,barrio_48,1012,4,1983,348412,61341,270920,142832,72130,61906,75476,47285,67377,48134,62154
824687,True,66,2,72798,muy bueno,duplex,barrio_08,1028,6,1999,366144,67399,201612,153032,104377,73431,56737,62931,63230,50156,69541
809072,False,167,2,7717,bueno,PH,barrio_19,1029,11,1974,462849,53878,386547,128053,79268,60080,53873,68580,55321,55310,65388
919690,False,75,3,38561,muy bueno,PH,barrio_32,1014,8,1987,298917,64236,231581,147308,114276,52627,45802,67978,53957,49894,55575
280817,False,149,1,17975,bueno,duplex,barrio_47,1005,12,1985,438415,65269,342404,131845,77284,70739,62295,68981,69301,49594,65145
644692,True,88,1,26168,muy bueno,duplex,barrio_06,1005,1,1950,376664,76344,226882,146765,103178,65763,62951,65699,63544,38710,58705
845408,False,123,1,46337,excelente,casa,barrio_36,1027,11,1990,542225,60107,295135,142658,181681,73612,62550,63229,46859,43410,60200
149698,False,121,1,14856,excelente,duplex,barrio_17,1018,1,1990,481380,57544,298757,127635,183792,80730,37130,72079,63620,41343,47888
518869,True,135,2,41414,muy bueno,duplex,barrio_12,1019,4,2020,465437,69961,328942,146212,111799,76387,63810,50483,62279,52539,60712
720929,True,66,3,30642,bueno,casa,barrio_30,1032,6,1986,391873,83767,220476,139276,79333,82261,108812,55720,55215,47833,63112
764764,True,133,1,21408,muy bueno,departamento,barrio_24,1000,3,2013,407514,76922,312845,144371,104952,49654,46471,36377,77529,54825,63557
240841,False,160,2,24923,muy bueno,duplex,barrio_38,1030,12,1974,491446,57214,376501,141348,100254,70764,37612,73109,56859,52117,61773
482615,False,86,1,32092,muy bueno,casa,barrio_19,1010,11,1999,341848,57920,229689,141880,107854,76281,63358,42903,53895,57697,63591
957835,True,96,1,19648,muy bueno,departamento,barrio_49,1037,7,2014,370882,75870,239048,138980,107479,67478,57182,54828,52302,52660,67766
652809,False,77,3,36522,muy bueno,PH,barrio_04,1038,6,1960,295588,61148,229327,136609,114287,51113,492,69088,55054,40074,62236
997274,True,83,1,29070,muy bueno,PH,barrio_51,1020,10,1990,341114,74918,219285,138996,106475,50180,76576,65535,58241,48370,60790
640823,True,155,2,22270,muy bueno,duplex,barrio_01,1012,9,2015,449487,70506,359519,140536,105874,75205,29701,46599,58175,50635,63429
674091,False,60,3,129557,bueno,casa,barrio_44,1009,6,1989,323296,57251,204286,153405,75404,77200,62529,58384,63873,47372,61911
922622,False,62,3,50625,bueno,departamento,barrio_20,1007,10,2013,284697,63236,203218,149374,74481,66976,53425,53531,41848,59930,57408
540697,False,151,1,26738,muy bueno,duplex,barrio_23,1039,3,1979,484920,60521,343771,145726,104955,78511,60058,58074,70169,47453,64819
415500,True,117,2,40810,regular,PH,barrio_01,1007,4,2012,370288,75254,292845,144327,55949,56653,38736,55349,64924,52516,63414
184389,True,169,3,15971,excelente,casa,barrio_42,1017,1,1994,622839,81448,398404,131357,174882,82301,48523,68139,69949,47677,61518
499250,True,79,2,25606,muy bueno,departamento,barrio_09,1019,2,1984,331241,74239,229224,149685,106742,61031,41222,53741,65983,50088,64314
690665,True,99,1,28112,regular,departamento,barrio_39,1027,3,1965,356521,71463,249744,148478,73050,60610,77838,64876,71757,35100,63008
697330,True,72,1,13394,muy bueno,PH,barrio_43,1033,8,1962,332905,74314,201773,139106,110452,51625,73765,73368,56161,39616,59747
477836,False,100,3,49508,muy bueno,departamento,barrio_50,1022,11,1970,406522,57278,267754,146925,101522,57344,66171,54353,48873,44892,57217
670978,False,33,3,24234,muy bueno,PH,barrio_42,1030,8,2003,206430,61279,160818,140909,104293,52938,45197,71101,56369,50087,66013
104619,True,119,1,27327,bueno,departamento,barrio_18,1022,6,1983,395481,81543,278620,143119,71987,65135,83179,55588,55032,40058,60812
453735,True,106,1,23041,excelente,PH,barrio_44,1017,4,1977,459240,79916,262118,137542,176490,49083,60246,59397,66515,48483,55485
647233,True,93,1,387423,bueno,casa,barrio_49,1006,2,1983,391398,74874,243221,171994,73683,81858,62245,51610,75812,43800,59663
178658,True,81,1,21374,muy bueno,PH,barrio_19,1008,8,1974,335023,80411,221777,138908,95934,43704,54979,72537,47557,42051,61859
740809,False,64,3,6940,regular,duplex,barrio_07,1017,2,2007,245567,58770,209210,134451,66104,70912,46407,60577,63658,51429,60174
693193,True,120,3,10098,muy bueno,casa,barrio_53,1001,10,1977,443640,73967,316360,131947,105477,81152,48640,56210,47903,54187,69963
873707,False,54,1,66665,muy bueno,departamento,barrio_08,1012,5,1983,295498,56721,162167,139053,106252,59104,58807,41639,65465,45076,65731
773746,True,113,3,105785,muy bueno,PH,barrio_35,1018,5,1989,480471,72318,297729,154345,100294,51366,90983,61233,62683,39189,59577
398484,True,168,3,21048,bueno,PH,barrio_14,1018,1,1995,490724,75940,399156,141258,78571,47469,68283,65658,66723,45367,63009
370259,False,147,2,101029,muy bueno,PH,barrio_07,1032,3,1973,454277,61899,355138,153681,102896,48672,50550,58019,73878,51471,55794
580161,True,42,3,65727,muy bueno,PH,barrio_46,1038,1,1955,335447,73271,166675,152056,109288,49714,86029,66737,63951,41750,61170
733837,True,76,1,31208,bueno,PH,barrio_08,1029,9,1998,276855,71541,212076,139277,80257,53994,60495,65168,47374,52325,62258
126857,False,110,3,29485,excelente,PH,barrio_40,1003,6,1989,529262,61770,290047,138956,182630,53579,82107,63034,63640,56291,56375
611334,True,93,1,41969,muy bueno,casa,barrio_41,1016,10,1995,387665,76202,239982,143341,108694,83730,73265,59729,49940,51174,58332
132200,True,46,3,73274,excelente,duplex,barrio_03,1029,7,1988,402398,67005,175972,150019,182553,70525,76832,67676,53030,48376,53658
768956,True,108,2,49903,excelente,departamento,barrio_10,1023,12,1986,533126,76867,277666,146944,183875,58591,86090,50743,62856,46372,59435
497143,True,95,1,21132,excelente,casa,barrio_47,1018,10,2017,484805,71792,243301,135469,173564,79066,60771,71056,47811,61520,57766
328588,True,162,3,31591,muy bueno,departamento,barrio_30,1017,2,1953,559817,75723,395458,142737,103061,52255,113543,64491,63210,41562,62272
191700,True,86,3,177196,muy bueno,departamento,barrio_07,1016,2,1956,382359,69423,255707,160527,108698,60389,52601,51952,71896,39278,62184
386944,False,136,2,44399,bueno,casa,barrio_59,1023,11,2016,435537,66365,326371,150509,79664,79332,90158,56664,53327,61117,61846
326857,False,51,1,72799,bueno,duplex,barrio_15,1007,4,2012,249109,62366,159330,142694,75398,72474,39653,48238,64340,61238,68895
443919,True,59,1,55933,muy bueno,casa,barrio_00,1020,10,1979,346561,79628,172443,149300,102779,83507,70880,57826,53748,51179,62457
314094,True,120,3,45192,bueno,departamento,barrio_55,1008,8,1988,378598,76768,308924,146398,67342,60190,41108,69171,52563,52106,63112
662488,True,133,1,39615,excelente,departamento,barrio_00,1027,9,1981,530427,74001,305104,141780,182769,60564,70794,63667,51947,47748,65340
372972,True,61,3,74452,regular,duplex,barrio_33,1034,4,2020,298362,71958,208969,145120,64838,72257,43887,33746,66893,67358,57552
978117,True,96,2,64532,bueno,PH,barrio_59,1020,4,1982,380826,76523,252727,152412,66490,58973,84036,61828,62747,41877,56415
486750,False,47,3,44852,bueno,duplex,barrio_34,1015,7,2003,325855,61258,184997,139546,79183,67726,75477,69998,53684,53146,64599
122648,True,89,3,20848,bueno,casa,barrio_35,1037,1,1975,373500,76899,257550,135092,74697,76405,95706,45893,72460,50614,64920
541001,True,124,3,49437,regular,duplex,barrio_23,1026,4,1977,444576,68931,321919,146703,61236,65368,55414,59964,69041,47909,61829
758701,False,80,1,34420,bueno,duplex,barrio_07,1017,7,1997,303259,56283,214865,146959,78968,69197,47800,59100,52009,48654,57075
403750,False,86,3,28379,muy bueno,departamento,barrio_34,1001,3,1978,374195,59992,251996,139555,105003,59147,82356,51805,66858,42659,58981
341967,True,55,1,309595,bueno,PH,barrio_53,1000,4,1950,264385,75114,171949,160545,75046,47238,52372,35268,74527,34947,51067
562069,True,72,3,10602,regular,casa,barrio_05,1008,12,1962,286545,73293,224763,133750,63039,78044,27091,61549,58732,44513,69678
528418,False,157,1,78183,regular,duplex,barrio_52,1009,4,2012,428217,65758,351722,151386,65837,70152,21920,58112,71893,55450,62640
538763,True,98,3,18212,bueno,duplex,barrio_24,1028,11,1976,353932,70792,270926,143736,72725,72106,49018,69359,53868,51532,64262
463128,False,60,1,40334,bueno,departamento,barrio_32,1020,12,1957,259236,63960,188297,146766,77894,59503,46578,61228,57114,34360,55699
894118,False,84,2,283472,muy bueno,PH,barrio_09,1039,9,2016,325183,61495,235268,158778,100670,51031,36277,47050,43926,58322,55527
889148,True,39,2,16816,muy bueno,departamento,barrio_37,1021,2,2020,282583,80915,146424,137560,103885,60082,41132,52253,68891,60234,63619
443823,True,60,3,20351,bueno,casa,barrio_10,1036,3,1985,353149,79277,210918,138252,76800,79424,84362,45358,72252,48780,50101
349136,True,143,1,35810,muy bueno,PH,barrio_16,1022,12,1994,472013,75159,329880,143047,109251,57866,63299,56485,62565,44483,64585
610269,True,90,1,18439,bueno,PH,barrio_43,1014,1,2003,342074,80795,233935,141610,77609,54143,71503,70761,61020,58922,59107
662281,True,161,2,73662,bueno,duplex,barrio_03,1028,7,1954,496752,69722,374811,147640,71152,71773,80829,61379,54434,32665,62218
214504,False,92,1,23680,excelente,duplex,barrio_26,1017,8,1971,438814,60407,234805,136147,179942,68935,70972,54995,48545,45315,65280
937008,False,94,3,61280,bueno,departamento,barrio_35,1010,11,1989,360043,64882,263774,154365,72124,59471,82955,34954,49114,47631,62773
182671,False,117,1,12540,excelente,duplex,barrio_07,1018,11,1989,492952,58311,283336,136066,184307,63216,49930,59524,59324,46096,59886
713759,False,25,3,8557,bueno,PH,barrio_17,1026,4,1973,180819,61883,138294,127939,75999,41722,33185,54288,72691,45268,58913
796478,False,102,2,30237,bueno,PH,barrio_20,1015,7,1950,316237,54261,268214,141285,77732,56055,56776,67983,51693,35554,66440
514929,True,93,3,10355,bueno,PH,barrio_39,1028,8,2017,368369,79470,261256,127673,76193,54710,78566,70284,49772,66813,68011
574823,True,147,1,122347,bueno,duplex,barrio_58,1039,12,1993,450538,81074,333296,141438,71794,71309,35822,54224,53992,50943,60467
629293,False,129,1,10680,excelente,PH,barrio_50,1016,7,2003,496106,69522,304984,134562,178850,51721,67180,50660,53670,56627,54941
555557,False,55,2,15833,regular,casa,barrio_11,1011,2,1981,311944,57146,173243,140688,59445,74989,78526,40595,72783,40650,57109
367754,True,138,1,50559,excelente,casa,barrio_01,1016,12,1985,508998,69389,317256,145928,185655,86738,34372,52591,61972,52971,65881
454109,False,86,1,22718,excelente,departamento,barrio_03,1033,7,1981,430166,58683,226775,139600,178637,69326,79304,62651,57581,44210,60299
771771,True,63,1,10778,muy bueno,PH,barrio_35,1007,3,1980,361582,75435,187069,130618,106698,45168,84897,54189,75062,42982,61333
384773,True,102,3,185716,bueno,PH,barrio_09,1038,3,1997,376691,74759,282404,157770,83982,51733,33800,69540,71277,54641,59506
644525,False,88,3,16296,bueno,departamento,barrio_13,1016,3,2020,364167,63178,256215,140540,69464,60965,92858,57973,79627,62949,57350
110035,True,149,1,31039,bueno,PH,barrio_50,1033,9,2005,440501,75532,343263,142538,70233,54111,73165,54439,57752,56989,57874
829974,True,107,1,30719,muy bueno,duplex,barrio_52,1031,12,1997,364951,68480,266127,145462,101488,68986,26531,62251,60626,50507,52991
530644,False,102,2,64103,bueno,departamento,barrio_50,1031,6,1950,353844,63799,266316,151047,69301,63770,69675,54273,61500,39940,57503
955865,False,127,2,52569,excelente,departamento,barrio_15,1036,2,1986,463386,62592,314369,150980,178273,63331,37528,47391,58369,45939,56724
375835,True,133,3,18743,muy bueno,PH,barrio_37,1007,11,2017,427108,74197,340943,138240,110915,54284,36241,49493,50643,53599,57270
832106,False,122,1,27983,bueno,departamento,barrio_36,1023,8,1978,380435,59395,293882,139702,76355,61526,54568,64158,55893,45811,58844
987981,True,145,2,30287,muy bueno,duplex,barrio_11,1003,7,1989,500020,76271,348505,144182,109170,67530,83797,68874,52969,39955,59305
136948,False,116,1,66116,bueno,duplex,barrio_33,1011,1,1973,341859,57364,274749,145307,76358,72873,41266,44863,59514,54778,58286
142177,True,101,1,14262,excelente,PH,barrio_31,1001,12,1963,403611,70551,255937,146209,177488,49301,49622,48532,54172,38223,56722
112255,False,138,3,182497,bueno,departamento,barrio_23,1027,1,2000,445525,62873,343453,163991,75249,60215,56680,60855,64407,48628,54411
988387,False,92,2,19784,excelente,PH,barrio_45,1024,8,1972,390121,56623,250796,148915,184558,55493,58048,45309,48804,43108,57030
217042,True,96,2,36062,muy bueno,casa,barrio_40,1029,8,1991,439587,76654,252674,144230,103511,80818,80903,60891,64411,55113,65664
741846,True,155,1,14357,excelente,departamento,barrio_31,1007,7,1992,543869,75454,360274,135196,183576,55827,53048,53305,54733,51894,64039
223427,True,152,2,12855,bueno,casa,barrio_43,1013,7,2010,509605,75444,360947,137136,76932,81876,63453,61638,56782,54457,59593
516835,False,95,2,18042,muy bueno,casa,barrio_45,1027,5,2016,418926,56527,254204,140242,102763,73870,68477,60046,63664,59710,65369
697188,False,79,3,16707,bueno,casa,barrio_34,1033,7,1989,342757,57677,230093,133227,83638,77999,78693,61188,53305,47255,65509
272784,False,146,2,26071,muy bueno,PH,barrio_16,1035,5,1953,432059,55030,348663,144895,106379,47045,66480,39804,64606,37262,60742
746389,False,123,1,16595,regular,casa,barrio_45,1002,6,1991,396282,68021,297837,132467,53495,85479,57927,53889,61799,49583,60467
576811,True,106,3,63351,bueno,PH,barrio_43,1016,9,2012,375699,71313,285506,146050,67260,48950,67207,55494,47304,57662,60603
251882,False,84,1,19411,bueno,departamento,barrio_59,1000,9,1983,309438,56600,218559,141595,76844,61280,77775,35303,51318,44983,58113
356236,True,107,3,17764,bueno,departamento,barrio_08,1032,2,1990,419959,72935,288587,138811,77591,56204,63387,51344,65371,46329,62174
119730,False,94,2,26519,bueno,duplex,barrio_25,1004,12,2004,368852,60044,249446,143567,76342,67541,49392,72899,57947,48249,65597
594115,True,72,3,80360,muy bueno,PH,barrio_55,1032,2,1981,363209,73358,222273,148745,103461,59076,41582,61314,67006,48774,63464
266463,False,100,2,43127,bueno,PH,barrio_30,1006,4,1979,380206,57563,265964,146372,74313,63682,119571,56073,57920,47978,59178
240352,True,104,2,33532,muy bueno,PH,barrio_56,1000,5,1984,370124,75831,276747,144360,107668,49271,60208,36632,62949,50266,68428
286002,True,82,2,11540,regular,casa,barrio_00,1035,4,2010,325684,76808,231723,136080,60142,74335,66083,42456,68019,57916,57129
284126,True,127,1,14557,muy bueno,casa,barrio_02,1017,5,1984,485364,73678,308541,133546,100822,78378,81191,60935,66148,50841,54701
275334,False,140,1,13060,muy bueno,PH,barrio_47,1016,4,1973,451763,62907,323206,132747,105615,52579,62928,50684,70431,44859,60637
356315,True,129,3,103309,bueno,duplex,barrio_21,1025,6,1992,421096,72697,326077,159714,77767,62067,38649,66404,54840,46070,60365
682407,True,85,3,55517,muy bueno,casa,barrio_31,1010,10,1999,387351,73712,256378,154352,102638,87337,44966,43860,52005,50575,65859
552828,True,121,3,18228,excelente,casa,barrio_25,1027,10,2014,479629,77313,314670,142538,180135,79705,47293,62429,46873,52441,59584
453731,True,98,1,23121,muy bueno,duplex,barrio_24,1017,5,2013,387672,80691,249010,133164,111341,72485,42598,62025,65108,57485,59517
314775,False,52,2,18765,bueno,duplex,barrio_56,1010,4,2005,277457,64603,175895,139038,73444,70210,50009,42026,72240,60157,63088
572442,False,119,2,17878,bueno,casa,barrio_05,1015,9,2004,367939,56183,290294,138092,68974,85525,24980,69598,44935,51266,66752
524964,False,100,3,52483,muy bueno,departamento,barrio_46,1000,1,1981,409935,57438,270827,147558,105216,62149,81877,33372,68294,45653,55861
678367,False,186,2,28853,bueno,PH,barrio_53,1012,6,1974,459693,62981,418460,145075,71019,50795,48145,52645,57025,37119,63081
224419,True,146,3,191939,muy bueno,casa,barrio_39,1023,3,1989,537161,75095,355374,164918,105348,81340,78106,64579,64791,52308,57757
843111,True,120,3,98744,bueno,departamento,barrio_23,1005,8,2000,408658,76742,315522,148776,77347,58453,53611,73158,54850,54815,57339
606628,False,104,2,103527,muy bueno,departamento,barrio_09,1004,1,1986,368921,59569,265419,151684,107555,62051,37765,72807,69613,44901,62827
437105,False,101,2,62136,regular,PH,barrio_40,1026,10,1964,330514,61624,270009,146227,61732,54672,84021,54084,57936,39140,59241
368974,True,60,2,25897,regular,departamento,barrio_28,1017,4,1951,305098,75123,189181,136917,60489,66742,75908,69239,64587,47647,57288
497061,False,34,3,58585,excelente,departamento,barrio_08,1005,7,1954,345626,62838,151929,145024,180308,60496,58623,69195,56291,35249,59270
574390,True,64,2,27472,excelente,departamento,barrio_21,1029,7,1980,378073,80527,193116,142993,181570,54605,38578,71295,52063,44545,61878
772077,True,93,1,133816,excelente,duplex,barrio_57,1031,6,2006,509577,75223,239852,158950,176368,73667,99495,67470,64161,56908,56713
985939,True,25,2,50183,excelente,casa,barrio_15,1001,6,2006,314136,77209,127197,140093,180022,82996,36372,62849,56011,54825,63926
443798,False,76,2,44797,bueno,casa,barrio_10,1008,4,2007,398426,60016,216626,142136,73761,82869,78526,65607,67218,57371,60707
576514,False,86,3,40201,bueno,casa,barrio_40,1014,10,2000,404982,57556,248793,146191,72688,82708,78484,58719,49257,56351,62392
908958,True,87,3,146124,regular,duplex,barrio_11,1029,7,1951,373441,79828,257415,157301,58509,74382,80764,68194,58031,33269,68088
657617,False,72,1,11533,bueno,duplex,barrio_55,1002,3,2012,299950,57499,195779,135400,71365,72714,45530,61718,72390,60508,57999
440659,False,83,2,158044,bueno,PH,barrio_51,1032,4,2017,323906,59856,227655,153085,74113,53260,69067,64612,66859,55292,57398
687463,True,155,1,31291,excelente,casa,barrio_59,1012,6,2010,600932,71855,349154,138674,183496,77908,87085,46922,57691,56129,69624
895146,False,118,2,11791,regular,duplex,barrio_54,1005,11,1981,342516,61178,298899,135655,67942,70190,43637,64216,55222,55026,55135
921649,True,75,3,19895,regular,departamento,barrio_14,1034,12,1965,307551,74905,229088,142962,65121,62469,74962,41152,56700,37465,57848
272515,True,93,3,9695,bueno,duplex,barrio_12,1003,5,2014,396048,74963,268502,134310,75505,66576,63234,63794,66757,58359,62373
140905,True,94,1,61263,bueno,departamento,barrio_20,1005,5,1963,333602,75142,237210,148119,74914,60964,50501,72391,65825,41548,57837
819682,True,68,1,15825,bueno,duplex,barrio_28,1037,2,2005,286617,75307,193828,138438,72866,66668,70658,49781,64803,59215,62748
857131,True,68,3,41562,muy bueno,duplex,barrio_52,1020,7,2018,339731,79375,216119,144054,104553,71036,25232,70380,53914,59515,63682
837870,True,130,2,89983,bueno,casa,barrio_44,1018,3,2013,476416,74371,315260,148464,73301,77054,63042,61966,66597,58499,58319
549125,True,80,2,21213,muy bueno,PH,barrio_38,1027,10,1986,335646,77403,228638,140474,102208,47449,41531,55408,51046,45012,56029
355266,False,57,3,29305,excelente,departamento,barrio_52,1025,7,2009,367177,65672,195837,144863,183146,58057,29557,74280,55153,55293,60461
811780,False,93,3,12801,muy bueno,departamento,barrio_38,1024,3,2008,345602,58976,259295,131590,105960,58139,39794,42997,70911,50758,59158
817027,True,99,3,26617,muy bueno,departamento,barrio_22,1000,11,2019,434449,80032,276014,137266,104982,60396,87686,34273,50667,57574,58737
913591,True,26,3,284708,bueno,PH,barrio_24,1022,10,1975,237172,78466,138942,157108,74723,47010,46513,49737,51750,41872,60221
952666,True,94,3,67667,bueno,departamento,barrio_31,1011,4,1994,332395,82218,273157,145563,75640,57928,54354,48044,68290,48169,58006
482366,False,125,3,29384,bueno,PH,barrio_05,1032,2,2008,390755,66163,325173,146072,75780,55348,21780,57745,69975,52414,63410
706793,False,111,3,22262,excelente,PH,barrio_44,1020,4,1966,479141,61503,294074,139466,176313,49777,63958,65979,72240,53719,58929
670146,True,173,2,35098,muy bueno,duplex,barrio_39,1004,5,1966,548828,73605,397068,150481,98479,73839,74559,64235,67618,49010,64159
443856,False,139,1,40297,bueno,duplex,barrio_43,1035,5,1977,431648,60827,322732,148328,76089,66198,62656,43919,61141,42779,59042
379300,False,146,3,25971,bueno,casa,barrio_32,1011,10,1975,435721,52680,355804,138509,72141,79751,47035,48483,59152,51303,62754
892611,False,193,3,55495,muy bueno,duplex,barrio_46,1010,12,2003,568300,63870,443789,146110,90660,77191,82132,42664,52827,55520,61232
492747,True,122,1,16937,muy bueno,casa,barrio_56,1037,9,2016,402461,74900,289026,133054,109386,83521,60338,54514,48317,59751,54825
857051,True,101,2,16870,muy bueno,PH,barrio_34,1031,11,1961,380756,70989,264225,137272,104576,51651,76072,63984,53482,38845,59977
780364,False,129,2,48833,excelente,departamento,barrio_26,1034,2,1973,506192,68000,311303,144135,175239,62067,72621,42908,74855,43368,64003
818265,True,75,2,14258,muy bueno,PH,barrio_06,1026,2,2016,336348,73022,221493,135948,108508,51034,70088,49414,67324,57178,55978
833541,True,99,3,65070,muy bueno,PH,barrio_46,1036,11,1992,410034,77748,274129,148772,107262,46710,77747,44241,57592,54071,58982
605251,True,72,2,35903,bueno,duplex,barrio_54,1004,8,1964,299691,74920,217819,142814,75085,62131,46348,69383,48274,38825,61662
331353,True,109,3,8414,regular,departamento,barrio_41,1023,3,1992,373242,72155,289066,132605,57468,61009,75824,62224,68225,51377,57488
344464,False,72,3,39640,excelente,duplex,barrio_51,1011,10,2012,405623,55777,223093,143095,178423,64976,72801,50504,49718,60235,61940
665614,False,71,3,9432,muy bueno,departamento,barrio_51,1015,3,1976,376281,59885,227129,131421,105182,55952,73547,66714,69515,47239,56534
280841,True,109,2,63240,bueno,casa,barrio_47,1009,10,1984,383165,78446,276691,146636,80142,82731,59352,58606,52681,44297,54222
886244,False,90,1,29763,muy bueno,departamento,barrio_30,1008,11,1993,398654,63927,232112,144604,105975,55874,115985,68049,54173,47695,62928
196653,True,28,3,159670,regular,PH,barrio_05,1017,6,2009,218753,75117,144018,161489,57879,50926,23852,64390,57503,55556,65395
238668,False,44,1,85567,muy bueno,PH,barrio_00,1036,8,1990,234086,58607,157601,157839,102711,58941,64682,39129,57258,50010,62786
927494,True,55,1,15544,bueno,duplex,barrio_12,1025,9,2018,291155,78756,172906,140004,77129,71978,65351,70115,49811,57430,62474
470363,False,64,1,7211,muy bueno,casa,barrio_25,1013,11,2003,308811,62546,179994,128160,105239,75052,55208,59129,53846,50630,62631
706370,False,110,1,19849,bueno,departamento,barrio_44,1017,8,1979,341763,60903,272457,140941,68992,57976,59098,66311,50665,45660,58555
221406,False,103,3,13670,bueno,duplex,barrio_27,1021,4,1984,396396,57112,273975,137821,77844,75322,70946,55669,70762,46427,65125
608327,False,132,2,156465,regular,departamento,barrio_01,1009,3,1999,397354,56405,312848,158150,63295,55521,41813,55049,75817,50904,62333
294269,True,121,1,36017,muy bueno,casa,barrio_12,1020,5,1955,467044,73286,292847,147112,103970,85547,57865,65292,69263,37023,55542
502444,False,133,1,76629,bueno,duplex,barrio_58,1027,1,1966,406249,62892,310534,150416,81499,68038,36314,63643,64992,41187,58892
816108,False,116,1,28911,regular,departamento,barrio_59,1009,9,1966,365574,61823,280111,146492,67289,62199,78724,52737,55472,37457,66908
539365,True,102,3,31454,muy bueno,duplex,barrio_22,1023,5,2006,473150,71075,280059,137307,109121,69704,89502,54884,65179,49580,58731
677959,False,133,3,35380,bueno,duplex,barrio_48,1028,9,2008,434963,60631,336421,145454,76926,72866,81422,62796,56306,57220,54329
259303,True,127,1,88012,bueno,duplex,barrio_43,1020,1,2008,443797,68949,300742,150384,74500,66704,65307,64549,67388,61890,61729
165502,True,108,1,46597,bueno,PH,barrio_55,1011,4,1957,359996,76800,268309,138895,76532,54238,39049,43303,67993,44621,60565
171731,False,139,2,15586,excelente,duplex,barrio_53,1022,5,1970,518438,63863,334705,139620,175372,68768,51845,58987,67314,41915,60602
822317,True,25,3,132988,bueno,duplex,barrio_37,1031,2,1972,240561,73424,137644,156332,73626,61333,35924,54829,61346,40350,55885
682922,True,85,1,28731,bueno,departamento,barrio_23,1008,10,1951,341329,67528,218852,142033,70779,61180,53388,62605,60023,44939,62167
154643,True,84,3,25225,bueno,casa,barrio_37,1022,8,1968,312644,75666,243711,137222,77941,79603,42680,58841,49642,39638,55518
440902,False,135,1,3776,bueno,departamento,barrio_19,1027,11,1980,383286,63879,314155,120160,83009,59019,55479,63159,50605,53361,62263
888777,False,150,1,60326,bueno,PH,barrio_20,1012,10,2012,451332,62650,341020,142386,76724,49518,54423,47487,48797,49126,50926
354101,True,44,2,39372,regular,PH,barrio_36,1015,1,1962,242027,69261,160283,145343,63983,47188,57652,65583,63383,39127,62258
691506,False,144,1,39338,bueno,casa,barrio_34,1035,11,2011,412663,62676,330436,144027,76632,80864,80569,45762,53968,56230,64497
341295,False,54,1,26311,bueno,PH,barrio_34,1014,1,2008,252752,64576,165226,135917,75967,56778,77136,53921,64593,53319,55672
660622,False,55,1,22921,excelente,casa,barrio_23,1023,11,1961,351753,62131,168995,141372,174624,80401,51871,59768,60814,33350,64956
412321,False,87,1,27020,regular,PH,barrio_24,1005,9,1968,253923,54079,231734,143133,63223,52619,51491,66109,44431,42321,56847
948011,False,84,3,52603,bueno,PH,barrio_00,1037,10,1982,328912,64362,246066,153157,71388,52229,63553,49584,52567,45395,60037
740829,True,40,1,60554,excelente,PH,barrio_36,1023,6,2017,360924,77110,151932,133315,187529,54904,56962,61155,59842,59788,67143
581161,True,118,1,30187,excelente,departamento,barrio_34,1030,2,2005,553634,72121,293029,133956,179189,58922,77922,71259,69622,47497,58268
256617,False,119,1,77587,muy bueno,departamento,barrio_56,1024,2,2018,443781,63418,284666,148298,98271,67201,55861,37950,65559,63752,63469
478321,True,132,1,34092,bueno,PH,barrio_30,1014,2,1972,467010,71613,313091,144702,75530,49355,108436,67428,68654,43100,57735
131512,True,80,2,24261,bueno,PH,barrio_28,1013,10,2014,336171,80655,231251,136982,72606,48989,71731,65139,48659,52787,62685
246537,True,94,3,42563,bueno,duplex,barrio_04,1028,7,2017,372753,74525,261728,147379,70898,78982,11813,69338,52839,60658,66276
763202,True,94,1,12240,regular,departamento,barrio_11,1034,3,1992,306301,82351,247543,131024,60617,58808,79136,42829,65718,53184,61495
453450,False,154,3,43747,bueno,departamento,barrio_20,1005,2,1960,487598,52320,370976,143400,70070,66033,54870,60414,56622,44460,62779
834679,True,25,2,10575,muy bueno,departamento,barrio_22,1033,1,1968,273150,84143,124970,132283,112150,61545,90823,54997,66339,37234,64284
594913,False,62,1,15960,bueno,PH,barrio_21,1033,4,1959,217913,61591,191212,137470,81704,52214,43672,61474,75975,39286,61567
908864,False,95,3,7223,muy bueno,casa,barrio_23,1004,9,2007,369482,65281,266410,131891,106276,81113,55873,64129,52789,54719,58916
154497,True,57,1,31568,bueno,departamento,barrio_46,1004,11,1972,299615,79709,169900,147643,76041,57167,80889,63637,51708,48671,67104
505166,True,86,2,131624,bueno,casa,barrio_07,1027,8,1999,348491,68739,243085,149937,66613,78749,49642,57249,56960,53758,51964
244742,True,91,2,33069,muy bueno,PH,barrio_19,1033,12,1968,365256,72115,247132,141713,104869,51368,62219,55820,54425,43313,57883
484239,True,72,2,60771,excelente,duplex,barrio_09,1015,5,2019,415726,71409,216903,146259,186614,64617,36170,64837,66517,47134,55731
808478,True,97,1,238435,bueno,duplex,barrio_18,1025,4,2004,412893,73268,245244,155865,67636,67606,83584,71556,70916,52881,58169
456157,False,117,1,50174,muy bueno,departamento,barrio_41,1039,9,1976,357248,68007,285368,143731,100701,61291,69829,45356,50057,44740,69837
887874,True,87,3,19689,bueno,casa,barrio_02,1012,2,1983,340413,74797,254423,133576,67315,73003,72569,44745,62643,48869,63104
776453,True,79,3,21981,regular,casa,barrio_20,1009,11,1954,322086,79987,238051,142182,61353,78325,45495,58989,58185,34503,63750
346949,True,89,1,36335,muy bueno,casa,barrio_01,1039,10,1959,322288,74344,231753,135724,108712,79880,26915,55613,56890,36860,60128
138840,True,95,2,21888,bueno,duplex,barrio_57,1011,1,2020,426639,71955,247929,145655,74360,69280,97212,40382,59146,56520,57537
335881,True,34,3,23238,bueno,duplex,barrio_43,1018,3,2007,294270,78877,154218,143559,72971,63400,68127,68927,71762,54849,66929
722143,False,111,1,79874,bueno,PH,barrio_14,1017,8,2009,346239,62954,268009,146477,75469,51827,77906,56710,55075,60936,63867
673258,True,79,2,82531,bueno,casa,barrio_11,1020,9,1995,377514,72430,227868,151863,74134,84863,81976,66219,54544,46993,56712
215149,True,139,3,9725,regular,casa,barrio_05,1010,3,1965,392906,76751,347975,135443,62437,75816,32282,51405,72025,43263,55932
853794,False,116,3,18873,bueno,duplex,barrio_28,1027,9,1957,370431,56239,306005,144031,81049,69128,74052,58525,52635,39223,59186
720455,False,136,2,25054,excelente,departamento,barrio_45,1027,6,2001,477358,61712,328400,138586,176839,60459,63196,61664,61301,53814,57215
579029,False,60,3,58646,muy bueno,casa,barrio_35,1008,9,1973,373714,59403,207091,146894,107277,77115,88081,70099,49084,49097,56816
567117,True,82,2,90623,bueno,casa,barrio_52,1019,6,1950,328577,70430,233661,154459,77690,80646,30938,59046,69120,45956,62000
522146,False,52,1,315393,regular,departamento,barrio_20,1002,6,1951,269881,63693,163393,158887,58507,63270,58785,56932,59157,37235,58368
955342,True,70,3,25021,muy bueno,PH,barrio_16,1008,5,1989,363181,78678,218566,141178,100765,57924,69278,67945,69879,50186,54434
507019,False,139,1,26041,regular,duplex,barrio_28,1039,2,2009,428745,56301,320609,148469,59125,66269,77001,57820,62366,54502,57587
403580,True,147,1,58154,bueno,departamento,barrio_12,1020,3,1975,443927,71337,336100,144394,78807,58482,57638,67896,66455,41018,54931
527086,False,55,2,21041,muy bueno,PH,barrio_58,1024,3,2020,280140,61703,184786,138680,108782,53213,38615,46856,67870,63022,57913
958049,False,79,3,32443,bueno,casa,barrio_11,1035,10,1977,337682,62745,239129,142125,67903,85451,86205,42389,44828,43586,57281
510624,False,92,3,26055,bueno,casa,barrio_28,1028,6,2002,394029,54264,260872,138374,74065,84038,68281,72250,62655,58987,62858
874441,True,115,3,4459,regular,casa,barrio_31,1031,5,1967,361833,75082,308091,125650,55984,83892,48630,61086,63745,44889,60702
649024,False,33,2,40078,regular,duplex,barrio_03,1028,11,1993,268604,61248,139418,149690,61992,71289,77851,67517,55903,51906,51688
425294,False,39,2,31386,bueno,PH,barrio_28,1019,11,1969,204837,54625,158898,144017,78516,52699,70943,55870,57326,44850,60128
995661,True,112,2,100407,excelente,duplex,barrio_27,1025,3,2005,546176,75706,289140,149048,186220,68282,71579,70884,70373,53605,56801
325196,True,27,1,36475,bueno,casa,barrio_15,1011,5,1982,215770,71875,120460,143710,85648,78633,32250,43822,65012,43764,57857
682178,True,79,2,13309,muy bueno,casa,barrio_07,1035,5,1952,315506,75281,229210,136829,104486,82539,55711,44184,65765,36111,62618
682014,True,101,1,29541,muy bueno,duplex,barrio_02,1007,11,1967,407429,68911,255116,138653,100483,74123,81564,54806,55925,45463,59545
421630,False,110,1,6817,regular,casa,barrio_00,1035,9,1975,323719,59664,276759,135420,60066,77794,73094,44866,52135,41058,62925
730600,True,90,3,13784,bueno,casa,barrio_28,1035,7,1983,371447,73134,251596,136084,80803,76845,77806,52458,58842,47439,58886
761094,False,82,3,60379,bueno,PH,barrio_05,1005,3,1969,296262,59320,239321,144716,84344,53278,31817,70490,72037,43378,64343
453248,False,125,1,29796,muy bueno,PH,barrio_57,1028,5,1990,453029,59509,293017,147265,102447,51905,94596,67561,64273,49164,53638
767837,False,105,1,75963,bueno,casa,barrio_14,1039,1,2018,399435,53443,262061,148948,79742,77408,71469,49401,62237,55325,61441
534398,False,72,1,7529,muy bueno,departamento,barrio_39,1022,9,2000,302081,60278,204412,121410,102917,66254,76290,62574,54276,50931,56611
485250,False,96,1,29912,excelente,PH,barrio_40,1013,12,1972,460756,64985,243635,143390,170900,53807,79703,68448,57026,42629,60947
187486,True,108,3,24825,muy bueno,departamento,barrio_29,1035,10,1998,423008,76670,294805,141351,95567,63132,69686,41660,52730,55639,60199
360572,True,155,3,78017,excelente,departamento,barrio_53,1020,4,2018,621841,78099,373158,149698,177402,64635,52934,64060,63105,52281,54385
764402,False,123,3,62206,muy bueno,casa,barrio_06,1004,6,1967,465710,54722,322822,146728,99139,82983,59706,63843,61061,42562,60635
370675,False,138,2,60706,excelente,departamento,barrio_14,1009,12,1966,543201,60197,331144,149161,171147,62791,75811,60522,58095,48803,57925
276673,True,74,1,124633,muy bueno,duplex,barrio_15,1027,6,1952,327702,73129,209358,157835,110754,70002,37446,60869,60190,38874,59597
998184,False,77,1,27052,muy bueno,PH,barrio_08,1018,11,2009,293168,56120,213979,138623,104431,59270,63324,66443,51212,54734,65934
610691,False,87,3,105669,muy bueno,duplex,barrio_17,1008,7,2009,343569,56330,256291,160031,106494,68840,24656,66907,47511,50651,60117
623782,True,90,3,15751,excelente,casa,barrio_18,1031,6,1979,489699,82143,257180,129770,182935,80130,80743,59342,64878,54373,51831
184477,False,60,2,15295,bueno,casa,barrio_45,1004,8,2011,285153,60450,194575,133010,78538,88477,65375,65474,54761,58092,57819
396516,False,139,2,66317,muy bueno,PH,barrio_18,1008,3,1996,504967,61595,337653,140027,108735,49537,80969,64203,68863,41866,59570
202245,True,126,3,10897,bueno,casa,barrio_52,1018,6,2019,433915,76196,324383,125814,64672,75119,26624,77842,69823,58551,64988
150689,True,84,3,57424,excelente,PH,barrio_46,1001,4,2015,482074,73427,241138,151881,184974,50009,85805,52126,66658,52917,58375
296867,True,117,1,39381,bueno,duplex,barrio_54,1015,10,2018,409528,73083,282503,148094,74023,69211,51690,70506,51270,59845,54426
142410,False,103,2,85604,muy bueno,departamento,barrio_06,1036,8,1977,349623,54443,266071,148575,108663,65743,72014,45385,56905,37697,55919
317778,True,120,1,34629,muy bueno,PH,barrio_59,1037,5,1995,436729,80985,286933,145367,108132,54527,87852,52055,71409,54808,65065
845287,False,48,2,37981,excelente,PH,barrio_36,1034,10,1961,358462,55624,166844,144729,180889,54100,64598,41250,55609,41474,60125
638971,False,90,2,54579,bueno,casa,barrio_58,1012,6,2013,382938,65499,244248,146640,69522,86473,32860,47818,53858,55660,63238
554661,False,93,1,21373,muy bueno,duplex,barrio_21,1002,12,1972,328521,60066,233287,149472,106629,69376,44534,64794,58054,44496,60363
988252,True,117,1,20641,muy bueno,casa,barrio_57,1032,8,1981,456514,76878,284382,134588,104518,83568,100425,55726,53076,49508,67432
740628,True,73,2,53079,excelente,duplex,barrio_35,1014,11,1992,478905,66252,220331,155866,180554,67810,88517,63628,57103,51956,57868
962442,True,25,2,35475,excelente,PH,barrio_04,1029,12,2005,299598,82977,128015,144012,181990,52616,2408,70191,53945,54184,60928
127320,True,57,3,26217,muy bueno,casa,barrio_24,1004,4,2001,349098,77559,199826,143187,101732,72316,52134,65307,72220,47786,55849
474071,True,93,1,33988,muy bueno,PH,barrio_08,1026,4,2017,386241,73361,234207,142754,103991,47768,56717,54280,67491,63347,67584
596959,True,97,1,130047,bueno,casa,barrio_56,1023,11,2000,381521,71891,248922,151484,76172,79587,48145,51029,54621,53901,61555
498631,True,154,3,25478,excelente,PH,barrio_18,1036,3,2006,590336,76749,372375,139515,179640,52974,80190,43082,72373,55539,64819
723280,False,115,3,24894,bueno,duplex,barrio_13,1004,10,1990,441498,57732,309512,142926,76290,64776,92200,67455,55474,42841,60520
679969,True,98,3,9265,muy bueno,duplex,barrio_33,1016,3,1979,384548,78300,276255,138434,110563,67379,42483,51237,66782,48123,61572
145649,True,94,3,35106,muy bueno,duplex,barrio_25,1039,11,2014,415931,67210,268701,147654,112993,64590,51271,64763,52524,58358,66672
826460,False,134,3,61421,bueno,departamento,barrio_05,1015,9,1976,384794,66099,334643,145113,77034,61744,23942,66437,55682,43610,62691
504183,True,74,2,70895,bueno,PH,barrio_48,1026,7,1994,354704,70960,211891,150131,78392,48285,73525,59624,55823,44972,58578
648358,False,90,3,39600,bueno,departamento,barrio_50,1006,6,1970,347316,62401,259959,149490,75824,65724,59260,53589,59143,44747,62228
818294,False,57,2,78016,excelente,duplex,barrio_44,1029,8,1984,354107,55585,181757,151310,176859,67020,66155,64194,48211,44573,59182
127813,True,145,3,65185,bueno,departamento,barrio_37,1011,5,1976,413246,76390,359675,145875,73262,63642,41633,47079,63709,45204,63564
840226,False,109,2,88465,regular,duplex,barrio_24,1022,5,1968,368947,57199,270229,152492,60393,75158,50164,52699,63259,46179,58998
788119,False,70,2,79813,muy bueno,departamento,barrio_32,1035,3,2008,319359,61803,220761,156473,101339,63650,45407,41360,76548,45921,59526
272454,False,91,3,127514,bueno,PH,barrio_31,1026,2,2004,335162,53094,254007,154794,77862,44300,47862,52619,68005,56299,61783
190475,True,113,2,31706,excelente,casa,barrio_09,1018,11,1999,515244,76526,287682,136110,181557,85153,42770,66621,49061,54098,51892
207301,True,86,1,12561,bueno,PH,barrio_04,1007,9,1955,245391,79771,228659,139579,72161,53446,19755,49020,47559,39290,59676
668236,True,76,3,61758,bueno,casa,barrio_15,1013,6,1967,354323,69073,233843,149297,79854,87552,33284,65283,54611,45636,55967
987658,False,72,2,67808,regular,casa,barrio_27,1033,10,1965,287534,53722,217606,148969,65386,81806,80654,63258,55738,45949,55833
594265,True,107,3,127516,bueno,departamento,barrio_09,1008,8,2000,361717,77622,279923,147062,68690,67224,36247,78987,58492,56171,56872
718635,True,82,2,101218,bueno,departamento,barrio_06,1026,8,2013,326147,78162,237230,155751,78945,56913,57193,52711,49116,52876,52823
643090,True,79,3,172194,muy bueno,PH,barrio_51,1019,2,1976,419582,83557,239511,162078,111956,48898,72802,65419,70382,44557,61874
319679,True,48,2,59628,bueno,departamento,barrio_22,1012,7,1973,283176,78207,168048,151714,72359,54390,95544,47864,47538,40552,57364
223808,True,98,3,43610,bueno,casa,barrio_35,1028,2,1989,425308,72183,267186,144008,76527,75448,89452,66338,70637,46400,58454
379495,True,89,3,11992,bueno,departamento,barrio_31,1014,9,2020,346672,76185,259012,134639,78326,57311,49765,59279,52403,66484,59946
472158,False,84,1,46466,bueno,departamento,barrio_44,1011,1,1976,305449,53479,222909,151129,70327,63212,64169,43924,68510,47199,60467
798203,True,102,3,23342,excelente,PH,barrio_44,1021,7,1969,468035,74388,274334,144846,181944,51529,61666,58702,60565,40548,59157
514106,True,121,3,43011,bueno,PH,barrio_17,1030,5,1987,431876,77456,320313,141403,80178,52049,29557,72061,59036,54625,63991
121473,True,120,2,37934,excelente,casa,barrio_50,1034,2,2015,550230,75050,294578,144422,182291,79560,66577,43984,62053,61053,59198
531388,True,114,3,52965,bueno,PH,barrio_22,1025,6,2001,431605,78120,313225,145474,73726,51723,88422,64168,59330,49105,62690
995516,False,87,3,33595,regular,PH,barrio_50,1026,3,1986,322311,56528,252446,141864,60605,50952,65706,52435,70360,51171,61236
721688,True,75,2,76728,bueno,duplex,barrio_24,1031,3,2001,348455,75437,212979,152298,74067,71966,52804,58031,64059,54595,63118
679391,False,58,2,4111,regular,PH,barrio_06,1010,11,1951,185500,57393,191705,122597,63222,45798,61935,47429,51144,36400,55915
525962,False,74,3,42277,muy bueno,duplex,barrio_45,1010,5,2003,369130,58336,228448,137187,104925,72137,61944,40163,64162,51155,60099
480389,False,96,1,95034,bueno,casa,barrio_01,1019,5,1956,342176,54723,241124,141022,77081,82020,36325,57698,60171,36356,55493
987028,False,67,2,162111,bueno,PH,barrio_46,1025,1,1977,343818,60346,210422,153913,69319,52139,83233,63649,65263,44272,52414
419205,True,98,3,65223,muy bueno,casa,barrio_02,1025,4,1974,457355,74888,269639,150165,100291,83130,75952,64890,68330,48774,66010
489031,False,61,3,139791,muy bueno,casa,barrio_12,1006,5,1999,361381,58781,203819,156735,107393,84394,54771,58628,74780,55622,55082
366229,True,37,1,41571,excelente,duplex,barrio_36,1031,9,1967,337794,79422,135762,145260,180354,67062,59029,64151,47687,44763,54683
609641,False,124,1,36399,excelente,departamento,barrio_56,1014,2,1966,481587,59959,297700,149404,173640,65321,48898,61412,64834,42401,63113
661809,True,78,2,55466,muy bueno,PH,barrio_24,1035,12,2012,353404,74777,226117,149659,100643,47759,47942,45895,60430,53642,58871
457031,True,66,3,36223,muy bueno,PH,barrio_07,1028,2,1983,351307,74880,211798,142389,113753,51558,58942,59428,73268,40443,62221
858228,True,57,2,19421,muy bueno,PH,barrio_13,1039,8,2002,315357,76901,186326,137144,112524,55150,91641,50449,56640,53151,60407
112425,False,110,1,24048,bueno,casa,barrio_53,1025,1,1991,373119,57455,272025,147189,71572,82663,52696,69551,67153,55296,61129
368997,False,143,1,14917,muy bueno,casa,barrio_43,1021,10,1994,451201,60072,333626,139875,111760,77417,64404,54735,55219,49444,58410
999892,True,81,2,55420,regular,casa,barrio_06,1007,9,1998,338163,82148,228458,143688,65094,79422,64042,45395,43332,56004,54463
454880,True,87,2,36648,muy bueno,duplex,barrio_23,1015,11,1997,399763,74108,240669,138953,106054,68613,52666,71421,49660,49702,53944
489287,True,133,1,27222,excelente,casa,barrio_15,1034,12,2014,489346,67834,312483,140519,182370,73491,37152,47957,62891,52640,62044
942876,False,32,2,23078,regular,PH,barrio_10,1015,11,2005,231699,54045,138217,138449,67313,48754,83280,69037,56385,52714,59701
836031,True,164,2,54396,muy bueno,departamento,barrio_50,1002,8,1971,514494,76818,377893,144221,103247,56389,63892,63730,49287,43052,64588
947925,True,181,1,67803,excelente,casa,barrio_37,1009,11,1962,608063,69868,392317,146150,182415,83412,38504,58132,55217,39811,60590
645153,False,25,1,14700,bueno,departamento,barrio_10,1023,2,2010,232705,63884,112039,131486,80015,71843,88914,61909,71958,55087,59218
729984,False,92,2,12963,bueno,casa,barrio_39,1025,8,1976,340999,54495,253395,131793,73950,81147,79090,66423,57159,43256,65298
808133,False,70,3,77933,excelente,casa,barrio_24,1039,12,1972,416714,60230,229687,150139,177810,81125,46826,54675,64377,37232,54506
874510,False,86,3,12087,excelente,casa,barrio_03,1037,5,1957,466740,59424,254011,137891,177004,80713,76224,47107,67574,36358,66711
842834,False,80,2,56274,regular,duplex,barrio_26,1021,12,1989,295495,63584,223361,146355,52846,72677,74348,53124,53310,40791,59733
455427,True,123,1,132393,bueno,PH,barrio_11,1022,7,1986,373014,85564,291382,154645,74901,54148,79874,55176,53612,50084,63946
397568,True,91,3,132639,muy bueno,duplex,barrio_14,1032,6,2008,429539,73959,265527,148429,109354,75712,73632,58964,61048,63093,60884
158471,False,63,3,65532,bueno,departamento,barrio_52,1001,4,2003,281173,67930,210727,148106,76822,52368,25308,53684,70565,53620,57904
828298,True,89,1,64026,bueno,casa,barrio_42,1023,2,2001,325880,69303,229160,141877,71514,79146,43060,59658,73712,43488,63667
716323,False,113,2,220031,regular,PH,barrio_08,1018,11,1988,400746,63955,281520,164613,60941,58370,60294,67099,60148,54343,58134
564297,True,54,1,5611,bueno,duplex,barrio_51,1031,9,2011,291630,72276,167045,127264,77934,66340,77966,60500,45803,59131,61104
887660,True,37,3,25048,muy bueno,PH,barrio_34,1032,5,2019,309609,76035,164040,143132,99987,47553,74561,55466,66961,52669,60731
638946,True,165,3,71596,muy bueno,casa,barrio_52,1026,12,2007,564483,77577,392998,150141,102479,78033,26491,51917,48989,51172,66961
523225,False,73,1,27727,muy bueno,departamento,barrio_44,1026,3,1974,298804,61667,212405,142142,104573,59601,58066,56529,65050,46466,53142
699910,False,90,3,97912,muy bueno,duplex,barrio_20,1027,10,1969,404221,54109,268909,149431,105467,72374,61864,63416,52716,41281,56750
899511,True,81,2,35190,bueno,PH,barrio_32,1023,6,1950,308681,74619,230329,131215,78091,51731,46936,63418,55112,25823,58356
735471,True,114,2,40352,bueno,duplex,barrio_31,1009,8,2020,412843,74415,288213,143566,71871,66660,45624,58320,57251,57336,64539
694150,True,157,1,29151,regular,PH,barrio_43,1011,1,2002,420669,77439,352159,146810,58055,50599,64493,41180,60972,49229,69343
976011,True,115,3,23909,bueno,casa,barrio_14,1029,8,2016,449090,71015,304014,142807,76049,84110,71470,70698,53873,58553,58513
511441,True,42,2,23443,bueno,duplex,barrio_19,1024,9,2005,264440,75316,163851,132526,79305,69557,57034,43975,56942,56442,52379
122235,False,47,3,45113,bueno,duplex,barrio_14,1009,12,1980,314197,59433,175770,153650,80665,62660,75033,58508,63804,44902,64234
894447,True,81,1,19543,regular,PH,barrio_17,1035,5,1960,259823,72732,215915,133739,61407,47385,35559,43907,62157,43391,55043
280763,True,86,2,77852,bueno,duplex,barrio_09,1039,1,1953,330393,76921,229165,148010,71053,67695,34659,55047,62585,42182,56502
653619,True,35,1,61242,muy bueno,casa,barrio_02,1025,1,2006,309189,75735,133889,142278,110777,75299,78823,59353,63735,51930,59909
728807,True,124,3,87512,muy bueno,duplex,barrio_56,1009,2,1971,471158,72839,317819,154609,104852,68744,52201,54992,75974,46240,51041
349576,True,57,2,14719,excelente,casa,barrio_04,1037,4,1976,345201,77625,183793,133011,171251,78455,11482,52964,70581,48510,55526
147966,False,147,3,9325,muy bueno,duplex,barrio_53,1009,10,2009,448798,65548,355458,133295,109185,79203,48654,53503,51038,59603,57627
976041,False,159,1,36194,muy bueno,casa,barrio_00,1017,3,1984,500061,62903,358706,139753,97934,85258,78165,58722,67847,50131,59193
742579,False,86,3,369180,regular,PH,barrio_46,1034,2,2017,355709,62622,258307,163429,66461,52225,80490,39305,69678,51729,63033
739305,True,110,1,100004,muy bueno,duplex,barrio_19,1020,1,1988,456896,77385,278026,149215,109789,72120,70257,60646,63753,46174,59109
711644,False,52,2,23305,regular,casa,barrio_31,1009,5,2009,273643,63065,182108,141145,64735,82433,47478,48895,67283,50793,58948
769728,False,117,1,51001,bueno,casa,barrio_16,1003,8,1958,424906,57383,281455,142073,84437,80624,65610,62718,52524,43469,66813
568682,False,78,1,64995,bueno,duplex,barrio_29,1014,4,1978,325825,72231,209722,152895,69025,72224,73578,55619,68374,42245,65905
307207,False,57,2,12152,bueno,casa,barrio_27,1026,6,1963,278225,59190,191857,132786,77794,75688,67970,55168,52829,45442,56125
338140,True,85,1,108630,bueno,PH,barrio_31,1028,3,1954,328773,70441,221227,147852,75261,52371,49653,72358,65070,45952,57248
481797,False,79,2,31763,muy bueno,duplex,barrio_23,1008,10,2020,374498,62848,228675,148561,101203,70289,55595,64919,62510,61087,51817
588481,False,84,3,33774,muy bueno,PH,barrio_32,1006,1,1986,329739,60704,247168,138071,109426,50218,51711,60656,69278,49809,63287
962368,False,128,1,37013,muy bueno,departamento,barrio_49,1028,3,1975,412682,62525,304817,146691,103448,64571,56957,69500,74068,46975,56113
189017,False,68,3,90729,muy bueno,departamento,barrio_26,1006,7,1976,344255,63983,215160,153947,108384,66160,69147,50219,61539,45446,61749
408369,False,156,1,19848,bueno,PH,barrio_21,1002,11,1967,391476,56059,353143,141337,79195,52089,44472,57506,46299,44649,58694
537751,True,49,1,9269,regular,PH,barrio_07,1019,5,1958,231264,74378,155267,130759,64107,50949,48041,49699,64106,37545,61018
620581,False,152,2,47022,muy bueno,PH,barrio_21,1022,1,2014,447564,56772,358228,150469,105692,54739,43282,59134,68575,56793,57219
170542,False,59,2,7080,bueno,casa,barrio_07,1009,7,1957,257825,58913,191609,137354,71752,75341,51700,51900,59970,36521,59132
764006,False,95,2,28542,bueno,PH,barrio_10,1008,4,1977,361469,69380,255693,145778,76170,50589,82342,65984,64069,46662,60410
139800,False,78,1,93854,bueno,PH,barrio_57,1009,4,1960,345975,59284,214227,149224,75293,51919,94607,55218,65580,42098,61634
802501,True,83,2,57715,excelente,PH,barrio_05,1013,12,2016,416144,80071,231104,151113,175443,55368,30782,60839,60595,50620,50157
749701,True,123,1,83607,muy bueno,casa,barrio_28,1000,12,1964,428257,74152,283823,153420,109522,75675,67389,26868,59080,37623,56779
122669,True,147,1,59652,bueno,PH,barrio_50,1000,4,1977,399695,73234,329618,147209,80715,49114,67040,39407,70624,41708,66169
378448,False,137,3,249763,muy bueno,PH,barrio_57,1014,8,2003,507483,60617,344298,154967,105352,45722,94771,64446,53633,52818,59426
790076,False,81,1,22684,bueno,casa,barrio_08,1000,7,1990,290606,65959,215763,138924,75067,85144,58252,35764,56745,46391,49413
204540,False,101,2,49936,bueno,duplex,barrio_09,1012,12,1977,291949,68309,265076,155597,74210,68493,43540,51422,59038,50960,59326
304880,False,68,2,25578,bueno,PH,barrio_22,1023,12,1990,317293,60882,206514,137951,73276,52216,93752,54113,58595,41493,58110
627598,False,60,1,78076,bueno,departamento,barrio_33,1001,5,1981,248898,67933,181129,154911,79199,58724,42007,52717,68990,44210,60868
285554,True,55,3,34570,muy bueno,PH,barrio_57,1024,1,1970,325438,77132,198982,143770,106375,51565,101690,45828,60119,39405,70854
637512,False,80,2,143642,regular,PH,barrio_12,1024,1,1992,295552,63593,229485,155521,54193,46924,62439,49185,63616,59814,54151
311231,False,104,3,23750,muy bueno,PH,barrio_09,1022,1,1975,337153,59501,286420,141484,103808,51466,41786,62752,64160,47744,61387
993215,False,28,2,111938,bueno,departamento,barrio_15,1025,10,2018,234908,64856,138163,146512,68501,62856,38886,70695,54840,67697,62488
745702,False,93,3,58367,muy bueno,duplex,barrio_52,1032,9,1982,362538,60701,268847,151985,104489,65859,23613,45759,47182,44977,61722
563446,False,148,3,35385,muy bueno,duplex,barrio_01,1002,10,2003,492094,67818,367210,134555,103658,61953,30447,57353,45811,55859,56788
415346,True,134,1,56047,muy bueno,casa,barrio_22,1006,2,1966,520353,77113,312001,145733,110370,76441,90696,59064,63952,39752,59205
101015,False,75,3,44757,muy bueno,PH,barrio_07,1012,1,1995,308091,62536,235509,142628,110754,48380,54214,50789,73471,45877,52698
130968,True,46,3,48280,excelente,casa,barrio_09,1027,3,1989,375719,82824,179177,150153,179990,84539,39638,55287,62444,45296,58474
656319,True,111,2,30776,bueno,departamento,barrio_55,1034,8,2002,342058,82349,284562,140756,74869,57975,41452,42687,57658,51933,51646
300784,True,25,1,20717,muy bueno,duplex,barrio_00,1036,1,1982,236689,76562,120687,141888,104738,70153,66376,42212,72635,46455,61509
418795,True,134,2,27776,muy bueno,casa,barrio_19,1023,8,2001,440028,79786,324719,144245,104070,79093,62421,50168,52782,52767,63539
402288,True,88,3,9447,bueno,departamento,barrio_54,1016,11,1954,306426,79721,249291,121779,81394,69100,54674,52563,50205,47245,62006
981245,False,159,2,71222,bueno,casa,barrio_36,1016,2,1999,502098,54946,369069,141868,76455,81366,60462,50732,70425,55209,58906
983642,True,35,1,13519,bueno,PH,barrio_04,1002,9,2003,168262,82009,135085,135343,63887,52331,10468,60445,48786,60454,61327
734300,True,127,2,30512,bueno,departamento,barrio_27,1018,7,1985,424841,72113,317032,144351,72633,60049,67627,68574,56098,46325,62280
285855,True,91,3,60988,bueno,PH,barrio_58,1020,12,1952,328990,74688,257798,149826,77563,55478,36304,66758,51017,38080,59277
413122,True,83,1,71077,bueno,duplex,barrio_24,1008,3,1990,347401,83187,228234,149239,78178,65531,50554,72852,63726,49558,55379
285128,False,47,2,8780,muy bueno,PH,barrio_31,1030,3,2005,278129,65647,169088,128706,102477,47638,43295,73248,72124,58268,57461
393571,True,116,1,33743,bueno,PH,barrio_31,1032,1,1982,377767,73625,283514,144958,75447,43902,53107,51260,65768,48565,53085
640986,True,119,3,52459,muy bueno,casa,barrio_39,1012,9,1956,455875,79301,306133,152081,103152,75225,72932,51437,53627,36960,57038
913528,False,157,3,37859,bueno,casa,barrio_11,1036,11,1978,458732,60976,375575,150240,84053,81343,80680,44367,55911,45663,61413
390883,False,130,3,106432,muy bueno,duplex,barrio_50,1004,1,2020,532441,64425,336770,150342,103542,71518,68861,65985,68339,71128,63869
943769,False,74,2,18818,regular,duplex,barrio_59,1036,6,1969,299633,64626,216982,139370,64095,74950,82742,46640,61141,40917,59191
745801,False,60,1,7050,bueno,PH,barrio_08,1030,9,1987,244012,56223,177852,127161,80809,51595,58810,73444,51019,41649,65456
970776,True,47,2,69443,regular,departamento,barrio_49,1008,10,1975,239458,83110,168101,151187,58968,62722,63218,68706,49499,49765,60834
587838,False,147,3,23631,muy bueno,casa,barrio_49,1026,12,2000,502731,63533,366353,138302,108045,75083,60120,54127,62289,48703,61735
327232,True,68,1,8894,bueno,duplex,barrio_44,1012,9,1980,264106,71943,199518,132351,70448,74472,59218,46664,57828,46691,57394
617336,True,147,1,31990,excelente,duplex,barrio_22,1031,12,1977,550812,67989,332901,139079,181178,72227,92130,62474,54217,44865,53273
915557,True,113,3,97192,bueno,casa,barrio_28,1006,12,1991,477010,79191,302139,146394,74737,75638,65274,54152,64358,49378,63828
830617,False,107,2,13219,muy bueno,PH,barrio_50,1009,12,1990,382376,64121,273321,137405,106225,50327,66817,56270,57438,56253,62267
688498,True,84,1,235342,bueno,PH,barrio_09,1012,6,1985,303712,73416,221734,156031,81732,55271,43603,49916,54575,46496,58258
257350,True,118,1,18577,muy bueno,departamento,barrio_49,1007,5,1968,400419,73611,293215,134532,105002,65173,58661,50173,64043,43475,61700
473955,True,94,2,38933,bueno,duplex,barrio_55,1013,6,1957,322146,78037,250509,146557,76667,71021,40856,64224,58311,46015,60568
439568,False,82,2,13694,bueno,casa,barrio_40,1024,12,1999,324526,63531,235154,139533,77162,78797,79316,48316,60260,45915,48555
731682,True,119,3,37545,bueno,departamento,barrio_20,1025,4,1974,399090,73230,309698,143752,75789,60416,59410,67057,63074,40709,61900
254154,True,90,3,32630,regular,casa,barrio_33,1022,10,1993,322036,73733,262408,143023,58399,81308,43907,56521,52696,55394,65070
862239,True,67,2,11030,regular,PH,barrio_03,1007,8,1976,323349,72302,203508,136195,58186,50070,84774,52180,55532,51366,55859
885248,False,116,2,348245,excelente,PH,barrio_55,1008,1,2010,476504,64232,294487,159547,185673,55378,36929,66022,63260,56947,62950
337873,True,93,3,24434,bueno,duplex,barrio_20,1036,6,2000,352420,78273,270302,144370,71262,69776,58923,47018,62855,52288,64192
465948,False,112,3,24451,regular,PH,barrio_03,1010,3,1978,388941,68121,294357,142361,54797,48580,83428,46446,63479,43289,68461
490647,True,79,1,78844,excelente,casa,barrio_47,1004,9,1973,418493,78140,211668,155735,178458,82820,60697,65164,55372,41276,65062
363999,True,53,3,155035,regular,departamento,barrio_39,1018,6,2003,366953,72618,190979,154151,56089,62498,80038,65586,58322,49929,57522
247369,True,156,3,89424,bueno,casa,barrio_37,1000,5,1950,449231,81686,374125,150315,79923,78001,33817,27562,60529,44555,52025
443611,True,149,1,13892,muy bueno,PH,barrio_03,1013,1,1954,473931,77613,339607,135880,98405,45491,87603,67270,63327,38697,54623
539822,True,126,3,43093,excelente,PH,barrio_45,1034,2,1955,510280,75498,326977,144405,178250,50162,66471,45996,65491,37758,62362
416241,True,81,1,8062,muy bueno,duplex,barrio_38,1010,10,1974,293391,87364,218528,122655,104907,67536,38252,42717,53312,40543,60721
353308,False,84,2,74710,bueno,departamento,barrio_47,1028,11,1985,333158,54671,236059,149927,78331,60787,62445,69245,58054,49519,55874
746996,True,143,2,9817,excelente,departamento,barrio_49,1019,4,1970,532361,78011,346148,133901,183828,67835,62018,59822,62378,43241,61123
210989,True,83,3,19100,regular,casa,barrio_12,1014,10,1963,364847,77005,245010,143158,57178,86507,58343,57798,48983,42024,58733
752712,True,73,3,36223,excelente,departamento,barrio_12,1026,7,1972,404722,77509,227423,139639,181103,54363,61216,49828,51090,42863,59247
812177,True,161,2,51845,muy bueno,departamento,barrio_55,1023,5,1985,500647,74553,371265,146593,96561,49628,46412,55597,68182,49235,58004
518303,True,93,2,29474,excelente,duplex,barrio_31,1012,6,1971,443118,79695,250131,141021,178300,74953,40548,44168,54125,50147,62362
729882,True,157,3,122427,bueno,duplex,barrio_26,1008,9,1990,524505,75952,379063,153454,76108,64526,79591,72124,47594,57111,61137
793943,True,46,3,64770,regular,casa,barrio_17,1036,11,1977,246202,81503,179526,149388,56057,79665,36792,52468,57848,46032,58732
536109,True,113,3,60826,muy bueno,departamento,barrio_38,1006,6,2016,383960,78151,298931,150435,103638,63353,34918,57763,62631,63578,54598
278690,False,167,3,13582,bueno,PH,barrio_45,1038,5,2020,500618,63099,396195,132811,77416,51731,59596,68213,65985,54216,55347
397791,False,96,3,141421,bueno,departamento,barrio_00,1018,10,1996,368148,61099,264476,149220,79418,61077,65988,66311,54369,51054,54607
374085,False,86,3,19102,excelente,casa,barrio_33,1039,7,1989,413226,58699,257523,138267,177978,81394,39053,50334,58593,47364,57718
918914,True,54,3,145806,muy bueno,duplex,barrio_59,1014,5,1952,345658,73133,195872,155790,97213,66885,83384,54976,77775,30955,62723
966817,False,133,1,183094,bueno,PH,barrio_16,1022,6,1994,414369,60904,313807,156793,78691,47313,69070,53217,64208,48239,67889
847090,True,68,2,54728,bueno,PH,barrio_16,1024,7,1977,317304,76341,202172,149320,75039,50538,72456,47236,59408,43774,55101
696093,True,92,1,82918,regular,departamento,barrio_52,1013,2,1970,291621,71816,241770,154402,52894,62319,29859,64800,64130,46673,52218
860594,False,52,2,3083,bueno,duplex,barrio_03,1008,1,2006,295043,60501,181625,117413,71998,68636,86025,73985,72184,55509,58516
821461,True,149,2,31070,regular,casa,barrio_23,1020,8,1952,445028,71369,360827,138421,61817,74775,54573,63569,57331,36914,60266
204145,True,135,1,87705,muy bueno,departamento,barrio_27,1026,3,1968,471412,85111,309486,157569,100322,65168,63239,50183,75266,48648,59373
339628,False,94,3,76085,muy bueno,duplex,barrio_47,1010,7,2004,377707,61403,270026,141575,102503,71334,64480,44831,58998,49120,60099
825227,False,55,3,13687,bueno,duplex,barrio_07,1030,10,2015,309991,54417,193595,136625,76831,76119,56397,70076,48081,56926,52827
528706,True,149,2,28711,bueno,departamento,barrio_26,1025,3,1986,438646,74861,351556,141432,75445,55589,72073,59207,63967,51891,65063
993794,True,82,3,4774,muy bueno,PH,barrio_09,1006,5,1987,318996,69243,246818,133708,105889,53777,36611,54214,69314,48927,62021
397333,True,56,1,50534,muy bueno,casa,barrio_47,1037,12,2018,350856,70274,169689,138281,112401,77985,64078,45832,66350,52027,59820
306402,False,33,2,8049,excelente,casa,barrio_37,1001,1,1956,289594,58041,147134,138600,172760,78928,36615,56833,63032,42580,63253
308954,True,72,1,89714,bueno,departamento,barrio_29,1026,10,1984,325637,69958,202688,153269,75486,60406,67651,50824,45381,45770,61465
455724,True,44,1,93543,muy bueno,duplex,barrio_23,1017,3,1967,296626,73045,149104,148948,103030,69565,58795,63513,67638,39723,64089
440745,True,73,1,24847,bueno,PH,barrio_09,1026,11,1983,253108,76608,203233,142446,79655,48590,40801,47192,61286,46535,60254
730180,False,121,2,55106,bueno,departamento,barrio_55,1030,5,2014,386584,55432,300027,144257,70849,53964,40779,71989,71664,55775,58678
236550,False,82,2,30526,excelente,departamento,barrio_38,1027,1,1992,405400,58032,229815,144612,182863,60655,37274,63178,67432,52425,54911
446073,True,107,3,44070,bueno,casa,barrio_19,1026,9,2020,390087,70105,286898,143836,77173,81252,58970,57531,50919,63718,62628
275242,False,70,2,14504,bueno,departamento,barrio_24,1033,2,1985,291781,57711,209852,135715,73765,68056,59019,54857,70556,45115,63745
202974,True,97,3,59754,bueno,casa,barrio_43,1028,5,2011,427543,80015,266746,147436,75641,78844,70147,68333,69696,57848,60605
737229,False,162,2,9770,bueno,casa,barrio_43,1032,7,1962,474804,50308,381500,131245,67384,75634,73002,55579,53116,35881,61973
746852,True,83,1,8401,bueno,PH,barrio_27,1016,9,1972,301712,73676,223410,134105,80096,51535,70656,55390,52761,38203,57182
417928,True,108,1,32940,muy bueno,casa,barrio_18,1008,6,1969,451915,73688,265267,141642,99179,77553,75350,68095,63187,45415,59806
840586,True,40,1,30669,bueno,casa,barrio_39,1009,11,2004,288285,83129,143151,137382,71708,78366,77915,50823,55035,48925,59429
528993,False,148,2,45154,bueno,PH,barrio_39,1024,6,1986,423779,64289,355304,149345,79042,47321,73566,45492,59732,43086,61835
812054,False,78,2,21599,excelente,departamento,barrio_35,1021,5,1965,422219,67460,221055,137930,178191,58512,84412,52772,61845,40007,58199
492567,False,132,3,164153,bueno,departamento,barrio_04,1003,5,1962,358988,65210,339736,162849,69590,58817,7987,60410,63286,47422,66354
153944,True,91,1,41294,excelente,casa,barrio_28,1008,10,1977,462453,70763,242868,137191,175276,77399,74254,74367,50514,42962,57373
840184,True,116,1,43753,bueno,casa,barrio_36,1038,8,1960,412805,76071,270473,150098,71458,83396,54716,71096,52321,36053,59372
483299,True,118,3,42522,muy bueno,departamento,barrio_57,1029,2,1999,521070,75048,312303,144266,114873,62352,101975,65503,64262,53045,65234
957611,True,79,1,81010,bueno,PH,barrio_31,1030,10,2010,327115,74640,220578,148836,75331,49518,57614,67305,51957,46220,60078
750807,True,133,2,57573,muy bueno,departamento,barrio_20,1007,5,2018,440786,76509,325507,153316,100665,66214,56707,48120,67273,61255,62624
243268,False,68,1,51721,regular,PH,barrio_33,1002,5,1966,245290,64495,197716,149235,60366,56262,41072,56603,65281,39627,52362
414317,False,122,2,65433,excelente,PH,barrio_10,1011,2,1981,518833,62271,306067,152278,182936,55175,88432,42895,68724,44967,56958
893461,False,81,3,8436,bueno,departamento,barrio_05,1034,12,1985,234727,62121,248609,141381,70769,52622,25638,47346,62836,48911,51325
211290,True,107,1,8695,muy bueno,departamento,barrio_40,1020,1,1985,395657,71015,262985,138758,101777,60704,75700,71202,66536,50691,55251
245345,True,79,2,34172,bueno,departamento,barrio_59,1031,12,1982,328635,75066,223905,150398,74234,66264,92131,58910,56576,49738,59141
729442,True,97,2,31004,regular,casa,barrio_50,1019,1,1965,389189,72135,258443,135569,61174,79501,64530,52312,67347,39270,64414
569162,True,57,3,57748,bueno,PH,barrio_35,1019,7,1957,320607,75104,206183,146958,73500,50062,86425,51339,56286,39931,57611
301726,False,104,3,36902,bueno,PH,barrio_02,1024,2,1978,379386,62094,281428,151072,75970,52260,82973,43903,71229,53157,55213
291391,False,97,1,57843,bueno,departamento,barrio_59,1038,6,1956,368506,59463,243020,149031,68731,63426,84304,71711,65912,38338,61977
419670,True,76,2,13407,muy bueno,departamento,barrio_26,1017,11,1954,340030,80118,215912,133660,104516,54693,73824,62669,56476,39173,56388
131190,True,93,3,36005,bueno,departamento,barrio_17,1023,8,1987,323609,77633,264513,146546,84282,62629,36491,53199,49506,47976,61499
498914,False,100,1,12421,regular,PH,barrio_53,1036,7,2010,288128,69036,249747,132327,66799,50465,49740,54908,49730,53217,57327
894833,True,73,3,49488,regular,duplex,barrio_44,1014,2,1988,361415,73655,231453,145123,63060,69462,59503,65465,63163,44326,68942
132089,True,90,1,8082,bueno,casa,barrio_44,1033,12,1951,303024,83128,236002,122696,69466,78155,62042,57031,54538,39792,59397
969202,False,60,2,47985,bueno,departamento,barrio_16,1021,5,2009,273353,65171,195791,150752,66789,60647,71275,44203,67597,54389,64941
621738,False,177,3,11213,muy bueno,casa,barrio_59,1035,7,1998,516427,54244,412654,135978,110138,79240,84372,46959,50133,55135,53938
396246,True,132,2,26720,bueno,departamento,barrio_27,1018,11,1971,410130,78062,326096,139380,71166,59598,68261,69110,53463,48793,59456
827806,False,105,3,74306,excelente,casa,barrio_31,1025,8,1969,488190,58721,282339,150588,179143,76796,49160,58358,56852,43120,63776
536964,False,136,2,43560,bueno,departamento,barrio_45,1012,9,2013,458099,57853,332876,139233,69956,64945,63962,48288,57310,43177,61441
388495,True,26,1,9735,regular,departamento,barrio_39,1025,3,1983,207110,82396,117510,133167,64214,55178,80828,70091,76252,44125,57025
934650,True,25,3,21207,excelente,departamento,barrio_10,1013,6,1960,374087,81872,137388,141391,180844,59378,84072,59816,55318,46173,57067
740425,False,81,2,10926,bueno,departamento,barrio_18,1024,7,1969,298723,58081,230403,137926,72852,54165,81829,40608,65092,42995,61395
873047,False,47,1,9360,bueno,duplex,barrio_21,1031,3,1968,222892,62213,161557,123000,74296,65660,47296,59196,69564,43188,58091
272836,True,87,1,39900,excelente,duplex,barrio_56,1017,5,1978,415975,79929,231240,139802,183505,64112,59077,64359,63413,49596,64792
696313,True,102,2,56854,excelente,casa,barrio_42,1017,10,1974,459880,73216,269015,156577,174582,80793,51096,61732,49209,46175,57256
616488,False,127,2,51662,muy bueno,departamento,barrio_21,1012,12,1988,385003,54508,309122,146894,105981,59939,40965,43805,62633,50311,63831
335928,True,55,3,58812,regular,duplex,barrio_44,1029,10,1972,297659,77197,195678,152755,62436,67107,62194,72326,51410,43834,66269
110579,True,109,1,35971,muy bueno,PH,barrio_44,1023,12,1995,379826,71142,266416,145026,106040,48135,55632,53096,55822,45148,57980
474528,True,96,2,29181,excelente,casa,barrio_23,1020,12,1984,485841,77193,255468,139879,186025,81475,52398,62926,60773,47023,57696
262860,True,107,3,15391,excelente,PH,barrio_24,1001,3,2016,465995,70380,293927,132261,182780,50805,43908,52231,62056,56892,52371
723616,False,77,3,25538,regular,casa,barrio_53,1004,11,2008,356732,64921,233686,142690,65648,79935,52181,64385,56369,47199,55091
330229,False,143,3,12619,bueno,casa,barrio_33,1000,8,1973,403963,66517,350966,143332,75914,77049,40569,33382,53098,51834,60463
940772,True,91,1,18469,bueno,PH,barrio_08,1034,11,1952,298096,66475,238878,138948,81034,50679,59859,48486,58096,35523,61814
921751,False,157,1,38993,regular,PH,barrio_43,1034,8,1991,370250,56766,347679,140370,50116,53951,66280,33939,50397,51438,66854
101947,True,67,2,33049,muy bueno,duplex,barrio_35,1002,2,1974,399497,72891,201981,145822,105568,70970,87355,51025,61814,44200,58009
399269,True,121,2,421587,bueno,departamento,barrio_30,1001,7,2014,450201,72325,299519,163873,78203,60436,113797,50000,60678,49911,55960
970586,True,93,1,12374,bueno,duplex,barrio_43,1031,10,1978,340049,77087,231919,143205,69726,76221,61509,63559,55603,41556,50262
764397,False,84,1,32857,regular,departamento,barrio_54,1020,2,1970,261886,58477,221543,151191,50290,63795,57384,59609,66297,42735,65418
539809,False,117,1,11626,bueno,PH,barrio_19,1012,7,1974,321832,60946,285181,139211,74635,46403,54441,48649,56489,53821,59903
137110,False,85,2,26629,bueno,casa,barrio_25,1024,8,2011,344424,55126,237271,137329,76170,76250,59121,45419,48313,55093,56974
305554,True,25,3,27511,bueno,casa,barrio_11,1009,6,1957,287362,77420,140283,134877,70658,78816,76287,51849,64812,40165,65362
443218,True,25,1,71389,regular,duplex,barrio_38,1007,10,2017,211227,81302,117424,148592,60297,69087,41824,53184,59662,63984,59292
381080,True,140,1,25343,excelente,duplex,barrio_24,1014,2,1966,523692,72457,322509,141769,174069,70951,49104,57794,70354,37578,59908
547710,False,138,1,31162,regular,duplex,barrio_20,1035,5,2010,389353,63927,322751,143623,54912,61048,60295,43864,68142,56349,62171
183790,True,161,3,25739,bueno,departamento,barrio_41,1030,12,1988,522422,74211,385606,134255,79729,53462,75170,71523,59105,52032,55282
410309,False,94,3,11839,bueno,casa,barrio_24,1007,7,1990,346470,52449,259877,127628,73195,73102,50808,52917,52049,50963,61221
906934,False,50,2,21554,regular,duplex,barrio_27,1022,3,1964,229216,67950,168317,133799,62751,64804,69535,52919,68968,46258,55548
996772,True,80,1,26754,bueno,PH,barrio_26,1035,2,2001,340198,80027,214460,146808,78273,56020,69499,45441,65558,50825,68760
388937,True,95,1,38525,regular,casa,barrio_15,1038,8,1996,341126,75927,241303,134808,57876,84566,35728,69216,58391,50076,56347
692322,True,60,3,56792,regular,duplex,barrio_07,1030,12,1984,310215,71334,204399,146608,53397,72260,59994,64603,54905,48834,58321
818870,False,153,2,30101,bueno,duplex,barrio_49,1005,1,1982,480883,59743,361600,147181,78506,76196,63427,71425,66744,41975,58156
701402,False,173,1,29681,muy bueno,departamento,barrio_05,1009,2,1992,474137,60124,379881,139333,108902,67388,26921,58972,67966,59260,57326
840676,True,112,3,9167,regular,duplex,barrio_19,1008,5,1983,377977,78451,295431,138222,55120,79903,50467,67837,58566,53735,57374
131765,False,95,2,55926,bueno,duplex,barrio_40,1006,3,2019,398255,66918,252235,146564,75567,66602,81900,59214,70465,59284,64191
683110,True,50,2,20812,muy bueno,PH,barrio_07,1007,2,1952,273854,81217,170567,138483,106743,49816,52397,56631,68863,39536,51739
668075,True,149,2,66019,bueno,PH,barrio_39,1012,4,1967,443193,74419,347306,145299,70957,53806,74574,42327,65565,47719,65077
616134,False,98,1,104105,bueno,departamento,barrio_43,1022,8,2010,381209,59291,257770,149889,72782,61821,66751,59281,55884,57154,53333
991430,False,85,3,31247,regular,duplex,barrio_39,1015,10,2006,334496,55683,246772,143608,56697,77200,80034,64389,50956,58012,60629
903552,True,112,3,16016,bueno,duplex,barrio_18,1016,4,1974,435152,76490,299731,137299,81557,64509,79767,59629,72814,44273,50048
784724,False,75,1,35834,bueno,duplex,barrio_01,1009,9,1985,280470,53533,205860,135367,79457,67871,35287,61690,51639,45892,64594
535873,False,100,3,48000,excelente,PH,barrio_53,1006,10,1951,417079,55707,278471,145981,185349,52953,55181,50161,44281,36776,59910
727339,False,45,1,28214,excelente,casa,barrio_19,1039,1,1962,375847,61690,151478,141968,181654,73676,58782,53938,64962,47295,63767
652297,False,133,2,23127,excelente,departamento,barrio_48,1023,11,2017,575788,56296,320595,143762,184314,55898,76768,54137,50494,57976,60181
913430,True,91,3,57001,bueno,departamento,barrio_11,1009,3,1995,407129,76694,263607,144755,73189,59154,85002,52743,67428,53126,62196
387358,True,136,1,54072,regular,duplex,barrio_09,1032,9,1952,401598,78420,319935,148157,53501,66095,46589,59911,47617,32707,63450
844034,False,88,3,27528,bueno,PH,barrio_46,1033,10,2006,360904,62598,250171,136624,72422,53330,72545,62909,50181,52349,53882
398033,True,90,1,9670,bueno,PH,barrio_56,1038,11,1978,335842,73399,228275,132930,73956,48297,44995,69196,55100,46684,59671
483902,True,53,3,52318,regular,casa,barrio_51,1006,5,1990,314301,68365,193269,147206,59845,73510,78189,58002,66460,50526,62621
749621,True,122,2,19656,regular,duplex,barrio_45,1025,8,2010,392077,79665,305426,138031,58157,51582,70145,65177,49254,59666,61452
248582,True,64,1,43108,bueno,departamento,barrio_14,1039,1,2009,289379,76324,184466,140544,69942,55662,74850,45974,65387,55074,56494
103156,True,78,3,40984,bueno,casa,barrio_54,1032,6,1959,337346,80622,240361,145118,83399,75087,54104,49120,64068,39713,59684
917437,True,95,1,8013,bueno,duplex,barrio_40,1009,12,1975,352326,64663,238334,131776,75059,71792,83027,56022,58106,47955,62789
365866,True,99,3,38749,muy bueno,casa,barrio_10,1035,2,1969,464088,71928,272534,139299,109445,80136,76946,41177,67760,43714,65483
861607,True,35,3,54810,bueno,casa,barrio_07,1016,2,2014,289450,72297,160171,146824,75698,81444,44179,56206,65218,56349,64514
857206,False,87,1,60459,excelente,casa,barrio_52,1019,9,2005,421865,58254,232217,150306,181996,79757,24972,51525,52481,58003,53631
476067,False,123,2,39890,bueno,departamento,barrio_16,1022,7,1996,413150,58457,300433,134085,78882,64396,68499,57142,56896,46234,55743
914116,True,82,2,7467,bueno,casa,barrio_45,1030,6,1954,378174,68838,233353,138212,80738,88716,63377,69843,54706,38228,55833
907575,True,87,2,100878,bueno,duplex,barrio_08,1004,3,2007,396095,72053,242040,151279,78613,70052,63251,66631,69388,56170,64518
652851,True,101,2,50454,bueno,PH,barrio_16,1021,3,1989,389432,75556,266968,141213,72289,55911,70764,50781,72508,55291,59210
167588,False,91,1,13868,bueno,departamento,barrio_17,1032,9,1969,279889,57384,230550,128903,80467,63482,38946,57463,41773,42858,55432
210600,False,59,2,19337,bueno,casa,barrio_16,1021,5,1981,299190,57657,182615,135021,69689,88234,74559,55680,65280,41745,57979
517939,False,94,1,43695,muy bueno,departamento,barrio_40,1010,10,1981,366250,68543,240356,147759,101720,60557,75619,44619,48910,46904,57874
903742,False,130,3,62557,bueno,casa,barrio_54,1002,6,1971,449941,63831,325995,139790,71943,83708,49046,57233,57338,47518,66519
156476,True,58,3,24579,bueno,duplex,barrio_54,1021,5,2014,280251,79389,196970,146985,74094,72270,50157,57067,61029,59912,64742
196356,True,82,1,70292,excelente,departamento,barrio_44,1028,3,2015,430811,66166,218369,154476,179576,60768,65323,67372,68759,52506,61531
996313,True,47,3,8654,regular,departamento,barrio_12,1021,8,1953,215037,74973,183366,126438,57382,62767,68062,51455,44835,38190,59280
247221,True,128,3,15773,muy bueno,casa,barrio_57,1039,4,2016,522642,75119,330606,136828,101609,75051,100752,52895,63314,47098,51934
312479,True,92,1,6964,bueno,casa,barrio_32,1024,11,1978,330806,79070,245497,128840,75579,88805,42352,40535,53223,49400,54064
986020,False,65,3,17713,bueno,casa,barrio_32,1020,5,2006,321266,65970,208062,137627,76688,85229,42460,65877,63245,54948,58787
634995,True,98,3,121353,bueno,casa,barrio_42,1002,10,2005,374712,71348,269437,147880,79744,74447,41968,47036,49641,54353,61155
924394,False,53,1,188385,regular,PH,barrio_46,1022,6,1992,250023,58605,175919,155838,65177,55977,86738,58788,56001,50754,63057
714275,True,59,2,43812,muy bueno,duplex,barrio_57,1006,5,2002,367982,74875,193297,146987,99059,73108,96817,55166,61003,50532,55897
622183,True,44,3,21791,bueno,duplex,barrio_34,1028,6,1998,339564,74542,177383,144348,80727,73291,75997,72579,57860,51296,57367
172288,False,58,2,30415,bueno,departamento,barrio_36,1006,6,2010,293205,72360,190597,140752,76425,57438,58231,54455,57853,60810,54758
995398,True,143,1,53033,bueno,duplex,barrio_44,1036,6,1980,413291,68961,325476,147353,72528,65197,61457,48016,61634,47000,57308
518835,True,69,2,10401,excelente,PH,barrio_15,1012,11,2002,378866,76441,204779,128907,185160,48636,44058,47182,55670,52537,62715
909257,True,111,2,22971,muy bueno,casa,barrio_18,1017,9,2019,484754,76954,279808,146150,104997,76678,82239,62692,55365,56371,53847
257090,False,66,3,114452,excelente,casa,barrio_37,1005,1,2017,437178,54961,215305,154112,181880,83582,34095,69166,63956,51471,60414
248328,True,122,2,15732,muy bueno,PH,barrio_03,1008,1,1960,425396,75199,306918,141017,103747,52444,75085,68907,61509,44175,59040
183303,False,59,2,19946,muy bueno,departamento,barrio_19,1036,1,1985,299544,68274,187902,138358,108542,67925,54639,46544,61234,55032,64864
921305,False,96,3,36701,bueno,casa,barrio_43,1011,9,1986,342682,56414,265174,146506,76741,77285,63619,45954,60053,54204,65791
115212,False,97,2,45548,excelente,duplex,barrio_58,1020,3,1994,458381,60867,259679,152558,177299,69964,38952,68702,70172,53894,62803
943499,True,176,3,22026,bueno,PH,barrio_31,1039,5,1995,499742,78933,406923,143690,73064,53159,47599,46632,69831,54037,60911
656777,False,117,3,38622,bueno,PH,barrio_23,1024,10,2010,382308,58894,307728,142882,74631,51837,61173,45016,54017,46195,52045
144135,True,74,3,59063,muy bueno,duplex,barrio_26,1001,2,1987,401950,78787,227105,151678,106921,73118,69369,61652,68248,54400,59282
793397,False,119,1,174410,bueno,duplex,barrio_41,1014,2,1999,424171,57349,282361,153733,73082,69101,73750,67202,72847,52093,61482
638921,True,170,3,32827,regular,duplex,barrio_32,1015,1,2013,514654,77437,407866,143512,69190,72834,48703,68998,66215,52126,59632
272744,True,38,3,35135,bueno,departamento,barrio_01,1011,4,1957,217426,71246,161036,143718,77185,56050,41010,39833,71535,41706,55155
282683,True,66,1,123249,bueno,duplex,barrio_32,1009,2,1995,282678,78138,195132,154434,71588,69804,45022,58967,65459,58609,57893
539276,False,87,2,23404,muy bueno,PH,barrio_24,1020,8,1976,336011,55985,238827,142855,105943,53910,47205,64552,57485,43491,68038
800959,False,80,2,12588,bueno,PH,barrio_42,1015,9,2014,286136,59769,231281,138011,80073,56309,37160,66939,54144,53701,58581
336044,True,83,2,44365,muy bueno,duplex,barrio_52,1011,3,1989,360248,77592,234558,147882,113802,68768,21204,52458,70691,51909,53025
872184,True,49,3,85900,bueno,casa,barrio_57,1016,7,1992,336828,75773,182345,155522,74360,78084,94141,54178,55902,56315,56738
269598,False,144,3,48477,muy bueno,departamento,barrio_36,1013,4,2003,512125,62573,352167,146455,104260,58960,57926,64513,67245,51277,61231
866262,False,45,1,33604,regular,casa,barrio_21,1009,1,1967,240958,65026,154921,149420,62120,75037,47445,58733,68213,39969,61919
273102,False,88,2,11399,excelente,departamento,barrio_26,1018,6,1988,479686,57520,241868,138394,178340,62313,83643,67410,63295,49454,75020
445096,True,132,3,34659,bueno,departamento,barrio_10,1037,9,2004,445214,70594,329046,144667,75538,58105,76172,44062,54410,54757,62153
813118,False,94,2,97394,bueno,duplex,barrio_56,1020,3,2005,387057,60572,261115,147151,74307,71756,45826,60289,61323,49622,56200
845170,False,61,3,13531,bueno,duplex,barrio_50,1023,10,1966,290328,65306,209594,139560,72230,74434,64339,60537,46859,47832,59118
936625,True,48,2,29858,bueno,departamento,barrio_51,1039,12,2009,320486,75924,175433,142373,81416,64773,75393,54301,62683,56363,59005
989601,True,87,3,26636,bueno,departamento,barrio_19,1024,1,1961,354323,73583,251128,150166,79358,63696,61426,45953,67405,40371,54677
187340,True,69,3,20782,muy bueno,PH,barrio_19,1008,2,1968,323343,73187,220995,141385,106313,49864,56555,66767,64424,44896,61147
431767,True,102,1,44282,excelente,duplex,barrio_51,1015,4,2010,520540,75963,255273,150588,185958,70278,77088,62715,70715,61567,62146
547688,False,46,3,51774,muy bueno,duplex,barrio_32,1019,11,1993,242314,59811,175572,143669,106342,70024,51334,60434,53295,50300,58862
152636,True,123,1,51342,bueno,casa,barrio_42,1018,2,1988,377515,76910,289982,145993,81261,75556,46265,66662,67774,48216,58804
844489,True,99,3,16623,bueno,casa,barrio_29,1005,6,1989,403894,67215,272922,134932,71970,79082,71774,69841,59077,53331,56826
581818,True,102,3,9732,muy bueno,PH,barrio_26,1004,7,2018,404840,71615,275076,132206,111678,53109,63353,68548,54678,47921,64308
821871,False,145,1,44798,muy bueno,departamento,barrio_37,1013,2,1966,464072,59371,335362,149034,111342,56262,35723,67069,61999,43119,59968
865379,False,80,1,24228,bueno,casa,barrio_48,1036,1,1971,344928,56358,219405,138841,73322,73983,70539,50640,67445,45428,54863
231499,True,70,2,158047,excelente,casa,barrio_20,1028,2,1984,454126,76211,202200,153992,179967,74309,59834,65155,66859,41169,56802
595331,False,76,1,163998,bueno,departamento,barrio_48,1033,1,2010,349682,67766,214833,157756,76458,62771,69365,61174,64872,59330,51058
538156,True,88,2,178537,muy bueno,departamento,barrio_14,1006,7,1988,406344,81202,245669,161486,108761,54544,64443,54131,54951,47458,65773
331136,False,92,1,17118,excelente,PH,barrio_24,1016,12,2001,400644,56575,231423,141938,180296,50220,48260,52363,60421,52066,61763
607820,False,66,1,57268,muy bueno,casa,barrio_54,1023,5,2008,325381,65439,183803,145894,101963,80160,49898,52597,65414,55307,61051
234128,True,25,2,72894,bueno,PH,barrio_57,1017,4,2013,253160,71403,133039,153328,74225,58960,98723,65835,73269,55758,53846
742212,False,75,3,66615,muy bueno,PH,barrio_55,1016,3,1982,311993,59385,236353,150064,105621,44615,47375,53624,67714,44032,63884
775117,True,108,1,27350,regular,departamento,barrio_18,1014,12,1982,389307,73485,265881,140619,62388,57607,87174,59232,59261,44814,54605
130295,False,100,1,101046,muy bueno,casa,barrio_50,1002,12,1955,401108,59537,252021,144556,105275,76820,68622,51021,63222,36524,58679
233326,True,137,1,36329,bueno,PH,barrio_56,1034,8,1955,331439,72226,320932,148495,74835,54609,56183,38664,48992,42281,61053
269717,False,163,1,40235,muy bueno,PH,barrio_58,1037,6,1984,421501,66672,363838,139592,103538,49292,38173,45329,63785,52505,64405
817701,True,122,1,10612,excelente,departamento,barrio_01,1003,2,2003,506414,70968,289758,131113,184826,62850,36279,68633,61894,54244,59919
226914,True,143,1,60828,bueno,departamento,barrio_44,1016,12,2009,439141,78527,326778,148626,80424,54864,68846,55060,61003,54400,61000
863992,True,122,2,29486,bueno,PH,barrio_59,1020,1,1979,431018,77579,299091,146167,73998,56125,83627,53631,62125,49059,63706
976070,False,155,1,52671,muy bueno,departamento,barrio_45,1031,2,1990,500212,63656,354423,152569,108607,54664,58639,61454,71652,54607,61573
279028,True,160,3,43831,bueno,departamento,barrio_13,1039,9,2007,509188,70047,384535,151899,71829,58533,91760,56168,54970,58684,55048
939267,False,128,2,41972,bueno,departamento,barrio_45,1016,3,1972,394484,63047,320722,149366,75360,56238,67741,61037,73966,40803,65174
840121,True,120,3,35011,regular,departamento,barrio_06,1029,2,1961,387381,75968,314940,144382,62871,56904,61943,71131,71045,42425,57615
695965,False,88,2,68137,bueno,PH,barrio_28,1037,8,2015,295151,54187,243177,149210,73429,53596,66808,61581,52193,52045,54734
976916,True,94,2,30973,muy bueno,departamento,barrio_37,1033,1,1988,387279,77588,255585,145717,104622,64821,39252,65676,62651,37598,61400
942670,False,83,2,11337,muy bueno,departamento,barrio_27,1011,4,1961,337353,59899,240123,134813,107584,67953,72173,44205,65297,32696,55382
644659,False,117,3,57249,bueno,PH,barrio_41,1032,8,1967,384254,58915,311990,148286,73422,56605,82574,46513,51524,47654,62775
820535,True,70,1,19011,bueno,departamento,barrio_14,1016,3,1973,311878,63149,200123,142580,77124,61881,67069,58323,67078,43591,52055
531145,True,88,3,12589,bueno,casa,barrio_36,1000,10,1964,318243,70218,265280,131932,77680,85100,59861,40032,53131,45577,69396
195003,False,25,1,16030,bueno,duplex,barrio_38,1030,2,1981,212600,60410,116212,137092,72621,75591,45635,61923,63674,49802,59040
718955,True,155,1,45555,muy bueno,casa,barrio_38,1033,8,2007,519538,72396,351427,146645,106441,80590,43575,58875,53758,52996,43632
791095,True,87,3,33617,bueno,PH,barrio_17,1013,1,2002,336061,72442,252745,146048,75604,47469,33223,62081,63778,61673,60484
356792,True,111,3,6594,bueno,departamento,barrio_18,1018,9,2015,420098,77007,301278,133571,82492,54807,79920,69901,53546,55937,60918
250239,False,146,1,26718,excelente,casa,barrio_15,1014,10,2009,519381,62754,338586,141868,185068,77307,34731,62627,50266,49685,54067
296784,False,106,2,92539,bueno,casa,barrio_27,1004,10,1972,385091,71026,267267,146467,76656,77163,72012,72549,54316,47386,63121
762800,False,146,2,25310,muy bueno,duplex,barrio_35,1039,4,1954,497402,58287,345472,143258,98441,68716,85598,49147,67034,42628,61586
985903,False,52,1,31813,regular,departamento,barrio_21,1000,3,1960,214583,64126,164897,143109,61350,56423,37760,35278,72343,39453,65813
282847,True,179,2,83650,bueno,departamento,barrio_24,1022,12,2006,481863,75861,402377,152606,69104,58250,46246,55885,57857,54834,54827
739672,True,133,3,68624,regular,PH,barrio_17,1000,9,1974,393290,78027,327824,150572,58841,54365,33823,38783,51564,42102,63564
858304,True,102,2,82240,muy bueno,casa,barrio_13,1027,3,2001,468380,71328,273669,147679,103453,86101,93953,57334,69533,53731,61195
843627,True,145,2,3952,muy bueno,PH,barrio_39,1036,1,1982,474843,73667,343410,128086,111504,57007,77403,48469,65397,45829,62296
523753,True,54,3,145338,bueno,departamento,barrio_48,1025,5,2013,327004,73768,192615,155244,72169,66729,82290,66144,70084,57650,61732
969322,False,85,1,60423,bueno,PH,barrio_17,1024,8,1986,246040,50575,223600,148479,77574,49993,29336,43820,51227,58616,57413
771970,True,146,2,260194,bueno,casa,barrio_51,1033,5,2013,504237,73075,345757,160694,76002,84163,70752,56151,63359,54995,58385
361776,True,30,1,19422,muy bueno,duplex,barrio_34,1038,10,1967,270875,80821,125507,140313,103788,66431,75299,70676,55101,35118,57416
120431,True,115,3,8859,muy bueno,casa,barrio_10,1034,7,2005,443346,78399,302820,131261,104053,88043,79858,41850,55719,59113,62245
198851,True,114,1,36526,muy bueno,PH,barrio_21,1009,12,1987,386173,71137,279798,137904,103384,50114,41959,56203,60127,50451,59332
530630,True,164,3,29135,excelente,PH,barrio_00,1022,11,1963,594651,75439,383795,137760,178232,55884,70500,52135,53451,48048,62849
524939,True,40,2,61263,bueno,departamento,barrio_02,1032,6,1966,264069,78597,158687,151182,73613,59762,84988,61062,57469,46019,67135
433738,True,151,1,85814,muy bueno,casa,barrio_20,1011,11,1972,463097,67191,347909,151702,111500,76698,58888,43699,52319,47895,58181
